{"uid":"01651B723FB2D146876B29E7619AE4F8B808","isLoaded":true,"lastModificationTime":0,"items":{"id":"gs.ResumeCommonEvent","displayName":"$$2BD4C58748E4D74DD798257599EC60BCA7DC","group":"$$C1953650K4FD7A4268SB298E0BEFC554D88E","subGroup":"$$936B4D1EK0D9FA4D49SA760EB2BC047C58DB","defaultValue":{"commonEventId":0},"quickItems":[{"label":"","valueFormula":"return fmtRecord('commonEvents', p.commonEventId)","attribute":"commonEventId","identifier":"commonEvent","type":"GSQDataRecordField","dataSource":"commonEvents","variableButton":{"dataSource":"strings"}}],"rawContent":"{\n    \"id\": \"gs.ResumeCommonEvent\",\n    \"displayName\": \"$$2BD4C58748E4D74DD798257599EC60BCA7DC\",\n    \"group\": \"$$C1953650K4FD7A4268SB298E0BEFC554D88E\",\n    \"subGroup\": \"$$936B4D1EK0D9FA4D49SA760EB2BC047C58DB\",\n    \"defaultValue\": { \"commonEventId\": 0 },\n    \"quickItems\": [\n        GSQ.CONTROLS.COMMON_EVENT_SELECTION\n    ]\n}","name":"Resume Common Event","type":"event_command","parentId":"CCC1D58AKA96AA4B0ESA33CE6CCC06CB5662","order":2},"summary":["name","type","parentId","order"]}