{
    "uid": "01A95DA3K01E8A4CB4SBE17E790BCE1FC035",
    "isLoaded": true,
    "lastModificationTime": 0,
    "items": {
        "name": "UI",
        "type": "game_script",
        "order": 23,
        "content": "",
        "parentId": "D3325122KACDEA4515SB731E37A42B9D779F",
        "folder": true,
        "compiledContent": "\n\n//# sourceMappingURL=data:application/json;base64,eyJ2ZXJzaW9uIjozLCJmaWxlIjoiIiwic291cmNlUm9vdCI6IiIsInNvdXJjZXMiOlsiIl0sIm5hbWVzIjpbXSwibWFwcGluZ3MiOiIiLCJzb3VyY2VzQ29udGVudCI6WyIiXX0=\n//# sourceURL=UI_165.js"
    },
    "summary": [
        "name",
        "type",
        "order"
    ]
}