{
    "uid": "02A910427AB1B34A6B9A7450147ACDA683AD",
    "isLoaded": true,
    "lastModificationTime": 0,
    "items": {
        "name": "Japanese Bundle",
        "type": "language_bundle",
        "localizableStrings": {
            "64EA1E7A256C854F7C4BA1970FCD9F9EEA7B": "",
            "35306DDD3861234B1D8A0242715E654DC680": "",
            "3577ECD904F02143E009D8525026E0B7D174": "",
            "3F555ECF41FFD140766BA216EC05C6D3D9DD": "",
            "D04B012A823906437C3B4976DE5A4205120D": "",
            "548E2932601D734180095566C61EA304F521": ""
        }
    },
    "summary": [
        "name",
        "type"
    ],
    "externalItems": []
}