{
    "uid": "0597B91F2BCE32494299BD751306D0FDD1F8",
    "isLoaded": true,
    "lastModificationTime": 0,
    "items": {
        "name": "Object_ImageMapHotspot",
        "type": "game_script",
        "order": 10,
        "parentId": "A05E7029K45DBA459BSADF4EEC07A526241A",
        "folder": false,
        "scriptType": 0,
        "content": "# ===================================================================\n#\n#   Script: Object_ImageMapHotspot\n#\n#   $$COPYRIGHT$$\n#\n# ===================================================================\nclass Object_ImageMapHotspot extends gs.Object_Picture\n    @objectCodecBlackList = [\"parent\"]\n    \n    @fromDataBundle: (data, context) ->\n        return data\n        \n    @toDataBundle: (object, context) ->\n        return { \n            enabled: object.enabled\n            selected: object.selected\n        }\n   \n    ###*\n    * A game object used for pictures in a scene.\n    *\n    * @module gs\n    * @class Object_Picture\n    * @extends gs.Object_Visual\n    * @memberof gs\n    * @constructor\n    ###\n    constructor: () ->\n        super()\n        \ngs.Object_ImageMapHotspot = Object_ImageMapHotspot",
        "compiledContent": "// Generated by CoffeeScript 1.12.7\n(function() {\n  var Object_ImageMapHotspot,\n    extend = function(child, parent) { for (var key in parent) { if (hasProp.call(parent, key)) child[key] = parent[key]; } function ctor() { this.constructor = child; } ctor.prototype = parent.prototype; child.prototype = new ctor(); child.__super__ = parent.prototype; return child; },\n    hasProp = {}.hasOwnProperty;\n\n  Object_ImageMapHotspot = (function(superClass) {\n    extend(Object_ImageMapHotspot, superClass);\n\n    Object_ImageMapHotspot.objectCodecBlackList = [\"parent\"];\n\n    Object_ImageMapHotspot.fromDataBundle = function(data, context) {\n      return data;\n    };\n\n    Object_ImageMapHotspot.toDataBundle = function(object, context) {\n      return {\n        enabled: object.enabled,\n        selected: object.selected\n      };\n    };\n\n\n    /**\n    * A game object used for pictures in a scene.\n    *\n    * @module gs\n    * @class Object_Picture\n    * @extends gs.Object_Visual\n    * @memberof gs\n    * @constructor\n     */\n\n    function Object_ImageMapHotspot() {\n      Object_ImageMapHotspot.__super__.constructor.call(this);\n    }\n\n    return Object_ImageMapHotspot;\n\n  })(gs.Object_Picture);\n\n  gs.Object_ImageMapHotspot = Object_ImageMapHotspot;\n\n}).call(this);\n"
    },
    "summary": [
        "name",
        "type"
    ],
    "externalItems": []
}