{"uid":"05BFCCB45E79244FA9991126867788B3275A","isLoaded":true,"lastModificationTime":0,"items":{"name":"Embarassed","type":"data_record","order":2,"parentId":"010D697A5A56434A5D2969540F65C7F60F3D","category":"characterExpressions","data":{"name":"Embarassed","index":"05BFCCB45E79244FA9991126867788B3275A","idleTime":{"start":0,"end":0},"idleSpeed":100,"idle":[{"resource":{"name":"LucyYukata_Embarassed"}}],"talking":[]},"id":"05BFCCB45E79244FA9991126867788B3275A"},"summary":["name","type","order"]}