{"uid":"07B510368322C14C2C2BADB4B9642AE6CA5E","isLoaded":true,"lastModificationTime":0,"items":{"name":"Embarassed","type":"data_record","order":1,"parentId":"A481C87B3BC9E749FB293CE605AC279AE4CC","category":"characterExpressions","data":{"name":"Embarassed","index":"07B510368322C14C2C2BADB4B9642AE6CA5E","idleTime":{"start":0,"end":0},"idleSpeed":100,"idle":[{"resource":{"name":"DanielUniform_Embarassed"}}],"talking":[]},"id":"07B510368322C14C2C2BADB4B9642AE6CA5E"},"summary":["name","type","order"]}