{"uid":"07DDB01122F2C3E5","isLoaded":true,"lastModificationTime":1428415343793,"items":{"parentId":"85446216KA82AA4A7DS8F25E541AB7EFA66A","displayName":"$$P23","windowTitle":"$$P23","type":"event_command","title":"$$P23","id":"gs.FlashScreen","collapsibleSections":false,"group":"$$0620EF3CK3406A4B70SA1ACE3750D5C17E57","subGroup":"$$9D7B8871KE8A7A410ES8CA3EA1F415A8BEA7","windowSize":{"w":332},"nodes":[{"name":"return GS.ECH.textForFlashScreen(p);","id":"gs.FlashScreen"}],"defaultValue":{"color":{"red":255,"green":255,"blue":255,"alpha":255},"duration":0,"waitForCompletion":0},"quickItems":[{"label":"$$CE4922C3K0381A4335S898CEFEBA22825F89","valueFormula":"return p.color.red + ', ' + p.color.green + ', ' + p.color.blue + ', '+p.color.alpha; ","attribute":"color","type":"GSQPopupField","lockable":false,"dataAttribute":"color","dialog":{"uid":"07DDB0112342C01F","parameters":{}}},{"label":"$$0BD2456DK1DA1A4C2DS9C03EAC7A2C6C7815","valueFormula":"return fmtDuration(fmtNumVar(p.duration))","valueTranslator":{"write":"return v / 1000 * GS.CONST.GAME_FRAME_RATE","read":"return ROUND(v / GS.CONST.GAME_FRAME_RATE * 1000)"},"type":"GSQStepper","attribute":"duration","identifier":"duration","variableButton":{"dataSource":"numbers"},"minimum":0,"maximum":999999999},{"type":"GSQPopupField","attribute":"waitForCompletion","identifier":"waitForCompletion","dataSource":["$$2EA7A7BF12D3404F62094CA6644784A9FC40","$$97A5E676K2351A43FCSB0DFEBB5CF7A73243"],"valueFormula":"return (p.waitForCompletion ? lcs('97A5E676K2351A43FCSB0DFEBB5CF7A73243') : lcs('2EA7A7BF12D3404F62094CA6644784A9FC40'))"}],"sections":[],"rawContent":"{\n    \"parentId\": \"AFAD6CEFK59C1A4298SBABFE7AEC1B964622\",\n    \"displayName\": \"$$P23\",\n    \"windowTitle\": \"$$P23\",\n    \"type\": \"event_command\",\n    \"title\": \"$$P23\",\n    \"id\": \"gs.FlashScreen\",\n    \"collapsibleSections\": false,\n    \"group\": \"$$0620EF3CK3406A4B70SA1ACE3750D5C17E57\",\n    \"subGroup\": \"$$9D7B8871KE8A7A410ES8CA3EA1F415A8BEA7\",\n    \"windowSize\": {\n        \"w\": 332\n    },\n    \"nodes\": [\n        {\n            \"name\": \"return GS.ECH.textForFlashScreen(p);\",\n            \"id\": \"gs.FlashScreen\"\n        }\n    ],\n    \"defaultValue\": { \"color\": { \"red\": 255, \"green\": 255, \"blue\": 255, \"alpha\": 255 }, \"duration\": 0, \"waitForCompletion\": 0 },\n    \"quickItems\": [\n        GSQ.CONTROLS.COLOR,\n        GSQ.CONTROLS.DURATION, GSQ.CONTROLS.WAIT_FOR_COMPLETION\n    ],\n    \"sections\": [\n    ]\n}","name":"Flash Screen","order":1},"summary":["name","type"]}