{"uid":"07DDA020D13253DF","lastModificationTime":1405801469190,"items":{"name":"Event Templates","type":"DataRecordCollection","records":[{"name":"","index":0,"pages":[{"name":"Page 1","variableEnabled1":false,"walkThrough":false,"walkingAnimation":true,"steppingAnimation":false,"directionFixed":false,"parallel":false,"variableEnabled2":false,"switchEnabled1":false,"commands":[{"id":"gs.EmptyCommand","text":"","indent":0}]}],"graphic":{"name":""},"commands":[{"id":"gs.EmptyCommand","text":"","indent":0}],"localVariables":[],"note":"","favorite":false,"global":false,"layer":1,"speed":2,"booleanVariables":[{"name":"Is Open","index":0,"scope":0}],"startCondition":0,"parameters":[],"frequency":2,"movementType":0,"directionFixed":false,"parallel":false,"variableEnabled1":false,"variableEnabled2":false,"switchEnabled1":false,"numberVariables":[{"name":"Item ID","index":0,"scope":0}],"stringVariables":[{"name":"Message","index":0,"scope":0},{"name":"","index":1,"scope":1}]},{"name":"Door","index":1,"pages":[{"name":"Page 1","variableEnabled1":false,"walkThrough":false,"walkingAnimation":false,"steppingAnimation":false,"directionFixed":false,"variableEnabled2":false,"switchEnabled1":false,"startCondition":0,"layer":1,"speed":2,"graphic":{"name":null},"switchValue1":0,"frequency":2,"movementType":0,"commands":[{"id":"gs.MoveEvent","nodeId":"gs.MoveEvent","indent":0,"params":{"event":-1,"commands":[{"id":16},{"time":10,"id":13},{"id":18},{"time":10,"id":13},{"id":17},{"time":10,"id":13}],"waitForCompletion":true,"repeat":false,"skip":false}},{"id":"gs.ChangeMap","nodeId":"gs.ChangeMap","indent":0,"params":{"locationType":1,"map":{"uid":{"name":"Map ID","index":0,"scope":0}},"location":{"x":{"name":"Map X","index":0,"scope":0},"y":{"name":"Map Y","index":1,"scope":0}}}},{"id":"gs.EmptyCommand","text":"","indent":0}],"parallel":false}],"graphic":{"name":""},"commands":[{"id":"gs.MoveEvent","nodeId":"gs.MoveEvent","indent":0,"params":{"event":-1,"commands":[{"id":16},{"time":10,"id":13},{"id":18},{"time":10,"id":13},{"id":17},{"time":10,"id":13},{"time":10,"id":13}],"waitForCompletion":true,"repeat":false,"skip":false}},{"id":"gs.ChangeMap","nodeId":"gs.ChangeMap","indent":0,"params":{"locationType":1,"map":{"uid":{"name":"Map ID","index":0,"scope":0}},"location":{"x":{"name":"Map X","index":0,"scope":0},"y":{"name":"Map Y","index":1,"scope":0}}}},{"id":"gs.EmptyCommand","text":"","indent":0}],"localVariables":[],"note":"","favorite":true,"global":false,"layer":1,"speed":2,"booleanVariables":[{"name":"","index":0,"scope":0}],"startCondition":0,"numberVariables":[{"name":"Map X","index":0,"scope":0},{"name":"Map Y","index":1,"scope":0}],"stringVariables":[{"name":"Map ID","index":0,"scope":0},{"name":"","index":1,"scope":1},{"name":"","index":2,"scope":1}],"frequency":2,"movementType":0,"directionFixed":false,"parallel":false,"variableEnabled1":false,"variableEnabled2":false,"switchEnabled1":false,"parameters":[{"label":"Graphic","type":0},{"label":"Map","type":4,"mapUidVariable":{"name":"Map ID","index":0,"scope":0},"mapVariableX":{"name":"Map X","index":0,"scope":0},"mapVariableY":{"name":"Map Y","index":1,"scope":0}}]},{"name":"Boat","index":2,"favorite":true,"global":true,"pages":[{"name":"Not Inside","variableEnabled1":false,"walkThrough":false,"walkingAnimation":true,"steppingAnimation":false,"directionFixed":false,"variableEnabled2":false,"switchEnabled1":false,"parallel":false,"startCondition":0,"commands":[{"id":"gs.ChangeGlobalEventVisibility","nodeId":"gs.ChangeGlobalEventVisibility","indent":0,"params":{"visibility":1,"eventId":500000}},{"id":"gs.ChangeNumberVariables","nodeId":"gs.ChangeNumberVariables","indent":0,"params":{"target":0,"targetValue1":{"name":"ID","index":3,"scope":0},"operation":0,"source":3,"sourceValue1":{"code":8,"value1":-1,"value2":0}}},{"id":"gs.ChangePlayer","nodeId":"gs.ChangePlayer","indent":0,"params":{"eventId":{"name":"ID","index":3,"scope":0}}},{"id":"gs.ChangeBooleanVariables","nodeId":"gs.ChangeBooleanVariables","indent":0,"params":{"target":0,"targetVariable":{"name":"Inside","index":0,"scope":0},"value":1}},{"id":"gs.EmptyCommand","text":"","indent":0}],"passages":{"passages":[{"terrainId":1,"passage":0},{"terrainId":0,"passage":1},{"terrainId":2,"passage":1}]}},{"name":"Inside","variableEnabled1":false,"walkThrough":false,"walkingAnimation":true,"steppingAnimation":false,"directionFixed":false,"parallel":false,"variableEnabled2":false,"switchEnabled1":true,"commands":[{"id":"gs.ChangeNumberVariables","nodeId":"gs.ChangeNumberVariables","indent":0,"params":{"target":0,"targetValue1":{"name":"X","index":0,"scope":0},"operation":0,"source":3,"sourceValue1":{"code":8,"value1":-2,"value2":1}}},{"id":"gs.ChangeNumberVariables","nodeId":"gs.ChangeNumberVariables","indent":0,"params":{"target":0,"targetValue1":{"name":"Y","index":1,"scope":0},"operation":0,"source":3,"sourceValue1":{"code":8,"value1":-2,"value2":2}}},{"id":"gs.ChangeNumberVariables","nodeId":"gs.ChangeNumberVariables","indent":0,"params":{"target":0,"targetValue1":{"name":"Direction","index":2,"scope":0},"operation":0,"source":3,"sourceValue1":{"code":8,"value1":-2,"value2":3}}},{"id":"gs.SetGlobalEventLocation","nodeId":"gs.SetGlobalEventLocation","indent":0,"params":{"eventId":500000,"x":{"name":"X","index":0,"scope":0},"y":{"name":"Y","index":1,"scope":0},"changeDirection":true,"direction":{"name":"Direction","index":2,"scope":0}}},{"id":"gs.ChangePlayer","nodeId":"gs.ChangePlayer","indent":0,"params":{"eventId":500000}},{"id":"gs.Condition","nodeId":"gs.Condition","indent":0,"params":{"code":20,"value1":-2,"value2":0,"value3":{"name":"Direction","index":2,"scope":0},"elseCase":true}},{"id":"gs.ChangeGlobalEventVisibility","nodeId":"gs.ChangeGlobalEventVisibility","indent":1,"params":{"eventId":500000,"visibility":0}},{"id":"gs.MoveEvent","nodeId":"gs.MoveEvent","indent":1,"params":{"event":-2,"commands":[{"id":11,"name":"Move Forward"}],"waitForCompletion":true,"repeat":false,"skip":false}},{"id":"gs.ChangeBooleanVariables","nodeId":"gs.ChangeBooleanVariables","indent":1,"params":{"target":0,"targetVariable":{"name":"Inside","index":0,"scope":0},"value":0}},{"id":"gs.EmptyCommand","text":"","indent":1},{"id":"gs.Condition","nodeId":"gs.ElseCase","indent":0,"params":{"code":20,"value1":1,"value2":0,"value3":{"name":"Direction","index":2,"scope":0},"elseCase":true}},{"id":"gs.ChangePlayer","nodeId":"gs.ChangePlayer","indent":1,"params":{"eventId":500000}},{"id":"gs.EmptyCommand","text":"","indent":1},{"id":"gs.Condition","nodeId":"gs.EndCondition","indent":0,"params":{"code":20,"value1":1,"value2":0,"value3":{"name":"Direction","index":2,"scope":0},"elseCase":true}},{"id":"gs.EmptyCommand","text":"","indent":0}],"switchValue1":1,"switch1":{"name":"Inside","index":0,"scope":0},"passages":{"passages":[{"terrainId":0,"passage":1},{"terrainId":1,"passage":0},{"terrainId":2,"passage":1}]},"layer":0}],"layer":1,"speed":2,"graphic":{"name":""},"commands":0,"localVariables":[],"note":"","directionFixed":false,"parameters":[{"label":"","type":0}],"numberVariables":[{"name":"X","index":0,"scope":0},{"name":"Y","index":1,"scope":0},{"name":"Direction","index":2,"scope":0},{"name":"ID","index":3,"scope":0},{"name":"","index":4,"scope":1}],"booleanVariables":[{"name":"Inside","index":0,"scope":0}],"stringVariables":[{"name":"","index":0,"scope":0}]},{"name":"Ship","index":3,"favorite":true,"global":true,"pages":[{"name":"Not Inside","variableEnabled1":false,"walkThrough":false,"walkingAnimation":true,"steppingAnimation":false,"directionFixed":false,"variableEnabled2":false,"switchEnabled1":false,"parallel":false,"startCondition":0,"commands":[{"id":"gs.ChangeGlobalEventVisibility","nodeId":"gs.ChangeGlobalEventVisibility","indent":0,"params":{"visibility":1,"eventId":500000}},{"id":"gs.ChangeNumberVariables","nodeId":"gs.ChangeNumberVariables","indent":0,"params":{"target":0,"targetValue1":{"name":"ID","index":3,"scope":0},"operation":0,"source":3,"sourceValue1":{"code":8,"value1":-1,"value2":0}}},{"id":"gs.ChangePlayer","nodeId":"gs.ChangePlayer","indent":0,"params":{"eventId":{"name":"ID","index":3,"scope":0}}},{"id":"gs.ChangeBooleanVariables","nodeId":"gs.ChangeBooleanVariables","indent":0,"params":{"target":0,"targetVariable":{"name":"Inside","index":0,"scope":0},"value":1}},{"id":"gs.EmptyCommand","text":"","indent":0}],"passages":{"passages":[{"terrainId":1,"passage":0},{"terrainId":0,"passage":1},{"terrainId":2,"passage":0}]}},{"name":"Inside","variableEnabled1":false,"walkThrough":false,"walkingAnimation":true,"steppingAnimation":false,"directionFixed":false,"parallel":false,"variableEnabled2":false,"switchEnabled1":true,"commands":[{"id":"gs.ChangeNumberVariables","nodeId":"gs.ChangeNumberVariables","indent":0,"params":{"target":0,"targetValue1":{"name":"X","index":0,"scope":0},"operation":0,"source":3,"sourceValue1":{"code":8,"value1":-2,"value2":1}}},{"id":"gs.ChangeNumberVariables","nodeId":"gs.ChangeNumberVariables","indent":0,"params":{"target":0,"targetValue1":{"name":"Y","index":1,"scope":0},"operation":0,"source":3,"sourceValue1":{"code":8,"value1":-2,"value2":2}}},{"id":"gs.ChangeNumberVariables","nodeId":"gs.ChangeNumberVariables","indent":0,"params":{"target":0,"targetValue1":{"name":"Direction","index":2,"scope":0},"operation":0,"source":3,"sourceValue1":{"code":8,"value1":-2,"value2":3}}},{"id":"gs.SetGlobalEventLocation","nodeId":"gs.SetGlobalEventLocation","indent":0,"params":{"eventId":500000,"x":{"name":"X","index":0,"scope":0},"y":{"name":"Y","index":1,"scope":0},"changeDirection":true,"direction":2}},{"id":"gs.ChangePlayer","nodeId":"gs.ChangePlayer","indent":0,"params":{"eventId":500000}},{"id":"gs.Condition","nodeId":"gs.Condition","indent":0,"params":{"code":20,"value1":-2,"value2":0,"value3":{"name":"Direction","index":2,"scope":0},"elseCase":true}},{"id":"gs.ChangeGlobalEventVisibility","nodeId":"gs.ChangeGlobalEventVisibility","indent":1,"params":{"eventId":500000,"visibility":0}},{"id":"gs.MoveEvent","nodeId":"gs.MoveEvent","indent":1,"params":{"event":-2,"commands":[{"id":11,"name":"Move Forward"}],"waitForCompletion":true,"repeat":false,"skip":false}},{"id":"gs.ChangeBooleanVariables","nodeId":"gs.ChangeBooleanVariables","indent":1,"params":{"target":0,"targetVariable":{"name":"Inside","index":0,"scope":0},"value":0}},{"id":"gs.EmptyCommand","text":"","indent":1},{"id":"gs.Condition","nodeId":"gs.ElseCase","indent":0,"params":{"code":20,"value1":1,"value2":0,"value3":{"name":"Direction","index":2,"scope":0},"elseCase":true}},{"id":"gs.ChangePlayer","nodeId":"gs.ChangePlayer","indent":1,"params":{"eventId":500000}},{"id":"gs.EmptyCommand","text":"","indent":1},{"id":"gs.Condition","nodeId":"gs.EndCondition","indent":0,"params":{"code":20,"value1":1,"value2":0,"value3":{"name":"Direction","index":2,"scope":0},"elseCase":true}},{"id":"gs.EmptyCommand","text":"","indent":0}],"switchValue1":1,"switch1":{"name":"Inside","index":0,"scope":0},"passages":{"passages":[{"terrainId":0,"passage":1},{"terrainId":1,"passage":0},{"terrainId":2,"passage":0}]},"layer":0}],"layer":1,"speed":2,"graphic":{"name":""},"commands":0,"localVariables":[],"note":"","directionFixed":false,"parameters":[{"label":"","type":0}],"numberVariables":[{"name":"X","index":0,"scope":0},{"name":"Y","index":1,"scope":0},{"name":"Direction","index":2,"scope":0},{"name":"ID","index":3,"scope":0},{"name":"","index":4,"scope":1}],"booleanVariables":[{"name":"Inside","index":0,"scope":0}],"stringVariables":[{"name":"","index":0,"scope":0}]},{"name":"Airship","index":4,"favorite":true,"global":true,"pages":[{"name":"Not Inside","variableEnabled1":false,"walkThrough":false,"walkingAnimation":true,"steppingAnimation":false,"directionFixed":false,"variableEnabled2":false,"switchEnabled1":false,"parallel":false,"startCondition":0,"commands":[{"id":"gs.ChangeGlobalEventVisibility","nodeId":"gs.ChangeGlobalEventVisibility","indent":0,"params":{"visibility":1,"eventId":500000}},{"id":"gs.ChangeNumberVariables","nodeId":"gs.ChangeNumberVariables","indent":0,"params":{"target":0,"targetValue1":{"name":"ID","index":3,"scope":0},"operation":0,"source":3,"sourceValue1":{"code":8,"value1":-1,"value2":0}}},{"id":"gs.ChangePlayer","nodeId":"gs.ChangePlayer","indent":0,"params":{"eventId":{"name":"ID","index":3,"scope":0}}},{"id":"gs.MoveEvent","nodeId":"gs.MoveEvent","indent":0,"params":{"event":-1,"commands":[{"altitude":1,"waitForCompletion":true,"id":43},{"id":36}],"waitForCompletion":true,"repeat":false,"skip":false}},{"id":"gs.ChangeBooleanVariables","nodeId":"gs.ChangeBooleanVariables","indent":0,"params":{"target":0,"targetVariable":{"name":"Inside","index":0,"scope":0},"value":1}},{"id":"gs.EmptyCommand","text":"","indent":0}],"passages":{"passages":[{"terrainId":1,"passage":0},{"terrainId":0,"passage":1}]}},{"name":"Inside","variableEnabled1":false,"walkThrough":true,"walkingAnimation":true,"steppingAnimation":false,"directionFixed":false,"parallel":false,"variableEnabled2":false,"switchEnabled1":true,"commands":[{"id":"gs.ChangeNumberVariables","nodeId":"gs.ChangeNumberVariables","indent":0,"params":{"target":0,"targetValue1":{"name":"X","index":0,"scope":0},"operation":0,"source":3,"sourceValue1":{"code":8,"value1":-2,"value2":1}}},{"id":"gs.ChangeNumberVariables","nodeId":"gs.ChangeNumberVariables","indent":0,"params":{"target":0,"targetValue1":{"name":"Y","index":1,"scope":0},"operation":0,"source":3,"sourceValue1":{"code":8,"value1":-2,"value2":2}}},{"id":"gs.ChangeNumberVariables","nodeId":"gs.ChangeNumberVariables","indent":0,"params":{"target":0,"targetValue1":{"name":"Direction","index":2,"scope":0},"operation":0,"source":3,"sourceValue1":{"code":8,"value1":-2,"value2":3}}},{"id":"gs.SetGlobalEventLocation","nodeId":"gs.SetGlobalEventLocation","indent":0,"params":{"eventId":500000,"x":{"name":"X","index":0,"scope":0},"y":{"name":"Y","index":1,"scope":0},"changeDirection":true,"direction":{"name":"Direction","index":2,"scope":0}}},{"id":"gs.ChangePlayer","nodeId":"gs.ChangePlayer","indent":0,"params":{"eventId":500000}},{"id":"gs.Condition","nodeId":"gs.Condition","indent":0,"params":{"code":20,"value1":-2,"value2":0,"value3":{"name":"Direction","index":2,"scope":0},"elseCase":true}},{"id":"gs.MoveEvent","nodeId":"gs.MoveEvent","indent":1,"params":{"event":-1,"commands":[{"waitForCompletion":true,"id":48},{"time":10,"id":13}],"waitForCompletion":true,"repeat":false,"skip":true}},{"id":"gs.ChangeNumberVariables","nodeId":"gs.ChangeNumberVariables","indent":1,"params":{"target":0,"targetValue1":{"name":"X","index":0,"scope":0},"operation":0,"source":3,"sourceValue1":{"code":8,"value1":-1,"value2":1}}},{"id":"gs.ChangeNumberVariables","nodeId":"gs.ChangeNumberVariables","indent":1,"params":{"target":0,"targetValue1":{"name":"Y","index":1,"scope":0},"operation":0,"source":3,"sourceValue1":{"code":8,"value1":-1,"value2":2}}},{"id":"gs.ChangeNumberVariables","nodeId":"gs.ChangeNumberVariables","indent":1,"params":{"target":0,"targetValue1":{"name":"Direction","index":2,"scope":0},"operation":0,"source":3,"sourceValue1":{"code":8,"value1":-1,"value2":3}}},{"id":"gs.SetGlobalEventLocation","nodeId":"gs.SetGlobalEventLocation","indent":1,"params":{"eventId":500000,"x":{"name":"X","index":0,"scope":0},"y":{"name":"Y","index":1,"scope":0},"changeDirection":true,"direction":2}},{"id":"gs.ChangeGlobalEventVisibility","nodeId":"gs.ChangeGlobalEventVisibility","indent":1,"params":{"eventId":500000,"visibility":0}},{"id":"gs.MoveEvent","nodeId":"gs.MoveEvent","indent":1,"params":{"event":-2,"commands":[{"id":11,"name":"Move Forward"}],"waitForCompletion":true,"repeat":false,"skip":false}},{"id":"gs.ChangeBooleanVariables","nodeId":"gs.ChangeBooleanVariables","indent":1,"params":{"target":0,"targetVariable":{"name":"Inside","index":0,"scope":0},"value":0}},{"id":"gs.EmptyCommand","text":"","indent":1},{"id":"gs.Condition","nodeId":"gs.ElseCase","indent":0,"params":{"code":20,"value1":1,"value2":0,"value3":{"name":"Direction","index":2,"scope":0},"elseCase":true}},{"id":"gs.ChangePlayer","nodeId":"gs.ChangePlayer","indent":1,"params":{"eventId":500000}},{"id":"gs.EmptyCommand","text":"","indent":1},{"id":"gs.Condition","nodeId":"gs.EndCondition","indent":0,"params":{"code":20,"value1":1,"value2":0,"value3":{"name":"Direction","index":2,"scope":0},"elseCase":true}},{"id":"gs.EmptyCommand","text":"","indent":0}],"switchValue1":1,"switch1":{"name":"Inside","index":0,"scope":0},"passages":{"passages":[{"terrainId":0,"passage":1},{"terrainId":1,"passage":0}]},"layer":0}],"layer":1,"speed":2,"graphic":{"name":""},"commands":0,"localVariables":[],"note":"","directionFixed":false,"parameters":[{"label":"","type":0}],"numberVariables":[{"name":"X","index":0,"scope":0},{"name":"Y","index":1,"scope":0},{"name":"Direction","index":2,"scope":0},{"name":"ID","index":3,"scope":0},{"name":"","index":4,"scope":1}],"booleanVariables":[{"name":"Inside","index":0,"scope":0}],"stringVariables":[{"name":"","index":0,"scope":0}]},{"name":"Teleport","index":5,"numberVariables":[{"name":"Map X","index":0,"scope":0},{"name":"Map Y","index":1,"scope":0}],"booleanVariables":[{"name":"","index":0,"scope":0}],"stringVariables":[{"name":"Map ID","index":0,"scope":0}],"favorite":true,"global":false,"pages":[{"name":"Page 1","variableEnabled1":false,"walkThrough":true,"walkingAnimation":true,"steppingAnimation":false,"directionFixed":false,"parallel":false,"variableEnabled2":false,"switchEnabled1":false,"startCondition":1,"graphic":null,"graphicPattern":2,"commands":[{"id":"gs.ChangeMap","nodeId":"gs.ChangeMap","indent":0,"params":{"locationType":1,"map":{"uid":{"name":"Map ID","index":0,"scope":0}},"location":{"x":{"name":"Map X","index":0,"scope":0},"y":{"name":"Map Y","index":1,"scope":0}}}},{"id":"gs.EmptyCommand","text":"","indent":0}]}],"directionFixed":false,"parameters":[{"label":"Map:","type":4,"mapUidVariable":{"name":"Map ID","index":0,"scope":0},"mapVariableX":{"name":"Map X","index":0,"scope":0},"mapVariableY":{"name":"Map Y","index":1,"scope":0}}],"note":""}],"viewUid":"07DDB1A132032266"},"summary":["name","type"]}