{
    "uid": "07DDB08100B0C2DB",
    "isLoaded": true,
    "lastModificationTime": 1424023482906,
    "items": {
        "parentId": "0FEBB76EK401BA41A4S99B1E2346601143E2",
        "displayName": "$$3FA17C62K182DA4AC9S9A26E7F594431DDD9",
        "windowTitle": "$$3FA17C62K182DA4AC9S9A26E7F594431DDD9",
        "type": "event_command",
        "title": "$$P22",
        "id": "gs.ErasePicture",
        "group": "$$8E805C42KAAEBA4E2ASAFEBE14638DCA0760",
        "subGroup": "$$9E1A5407531CC141D66911387F0B53C14B4F",
        "windowSize": {
            "w": 400
        },
        "nodes": [
            {
                "name": "return GS.ECH.textForErasePicture(p);",
                "id": "gs.ErasePicture"
            }
        ],
        "defaultValue": {
            "numberDomain": "com.degica.vnm.default",
            "number": 0,
            "duration": 0,
            "waitForCompletion": 0,
            "easing": {
                "type": 0,
                "inOut": 1
            },
            "animation": {
                "type": 1,
                "movement": 0,
                "mask": {
                    "graphic": null,
                    "vague": 30
                }
            }
        },
        "quickItems": [
            {
                "label": "$$C287D490K9B01A4407SA616EF2726CA43B52",
                "identifier": "number",
                "variableButton": {
                    "dataSource": "numbers"
                },
                "domainButton": true,
                "type": "GSQStepper",
                "attribute": "number",
                "minimum": 0,
                "maximum": 999999999
            },
            {
                "label": "$$0BD2456DK1DA1A4C2DS9C03EAC7A2C6C7815",
                "valueFormula": "return fmtDuration(fmtNumVar(p.duration))",
                "valueTranslator": {
                    "write": "return v / 1000 * GS.CONST.GAME_FRAME_RATE",
                    "read": "return ROUND(v / GS.CONST.GAME_FRAME_RATE * 1000)"
                },
                "type": "GSQStepper",
                "attribute": "duration",
                "identifier": "duration",
                "variableButton": {
                    "dataSource": "numbers"
                },
                "minimum": 0,
                "maximum": 999999999,
                "lockable": true
            },
            {
                "type": "GSQPopupField",
                "attribute": "waitForCompletion",
                "identifier": "waitForCompletion",
                "dataSource": [
                    "$$2EA7A7BF12D3404F62094CA6644784A9FC40",
                    "$$97A5E676K2351A43FCSB0DFEBB5CF7A73243"
                ],
                "valueFormula": "return (p.waitForCompletion ? lcs('97A5E676K2351A43FCSB0DFEBB5CF7A73243') : lcs('2EA7A7BF12D3404F62094CA6644784A9FC40'))"
            }
        ],
        "expandedView": {
            "columns": [
                {
                    "sections": [
                        {
                            "label": "$$4B6665ACK640FA4A19S89F1E4F1070280626",
                            "rows": [
                                {
                                    "items": [
                                        {
                                            "label": "$$858E29BD598E6544DD49356017DFC223DA6F",
                                            "type": "GSQPopupField",
                                            "attribute": "easing.type",
                                            "lockable": true,
                                            "width": "50%",
                                            "dataSource": [
                                                "$$B04840A62C08B644918821142386D7EEB014",
                                                "$$99D9039B6FF24440998B5ED62A44E25D562A",
                                                "$$6DB3AC545EBEF747C56BB237892A2FE7DC6A",
                                                "$$087E67D05860D644FC9A87C91B303A91E774",
                                                "$$5101E7646B6A284EC5385FF42CC39E29BC20",
                                                "$$9DEB76CD12AA024F65384215C8DF97C64463",
                                                "$$757243FE807A124F5058CEA6DC72BB24F1AD",
                                                "$$22D2BB118D79E248023904E4E5DCF459C2B2",
                                                "Ease Elastic",
                                                "Ease Bounce",
                                                "Ease Back"
                                            ],
                                            "valueFormula": "return GS.CONST.EASING_TYPES[p.easing.type]"
                                        },
                                        {
                                            "label": "",
                                            "width": "auto",
                                            "unlockItems": [
                                                "easing.type"
                                            ],
                                            "type": "GSQPopupField",
                                            "attribute": "easing.inOut",
                                            "dataSource": [
                                                "$$19C38D481D2B4947845AFB426AA83A22A24E",
                                                "$$636489127D19D648ED6BB357549054B90E98",
                                                "$$03359F826080274E018A4693CE01C765D700"
                                            ],
                                            "valueFormula": "return GS.CONST.EASING_IN_OUT[p.easing.inOut]"
                                        }
                                    ]
                                },
                                {
                                    "items": [
                                        {
                                            "type": "GSQPopupField",
                                            "attribute": "animation.type",
                                            "width": "50%",
                                            "lockable": true,
                                            "label": "$$9D7B8871KE8A7A410ES8CA3EA1F415A8BEA7",
                                            "dataSource": [
                                                "$$2683C0C34985474F713910185340D35D3108",
                                                "$$P177",
                                                "$$000ADEF46265D146AF5893C3E8B9A840397F"
                                            ],
                                            "valueFormula": "return GS.CONST.APPEARANCE_ANIMATION_TYPES[p.animation.type]",
                                            "showItems": [
                                                [
                                                    "animation_movement"
                                                ],
                                                [],
                                                [
                                                    "animation_maskFile",
                                                    "animation_maskVague"
                                                ]
                                            ]
                                        },
                                        {
                                            "identifier": "animation_movement",
                                            "dataSource": [
                                                "$$DA8B51B3KB92CA46EFSB9A9EDF4D4C81A9B8",
                                                "$$0E468336KEA04A497CS8813E5A7FA8B85AF5",
                                                "$$927A7043KEE05A4A52SA7C9E418BAF35232F",
                                                "$$EB59D1CFK6206A4F2BSB258EE66915195A6D"
                                            ],
                                            "type": "GSQPopupField",
                                            "width": "auto",
                                            "unlockItems": [
                                                "animation.type"
                                            ],
                                            "attribute": "animation.movement",
                                            "valueFormula": "return GS.CONST.MOVE_ANIMATION_TYPES[p.animation.movement]"
                                        },
                                        {
                                            "label": "$$P61",
                                            "valueFormula": "return fmtResource(p.animation.mask.graphic);",
                                            "attribute": "animation.mask.graphic",
                                            "variableButton": {
                                                "dataSource": "strings"
                                            },
                                            "identifier": "animation_maskFile",
                                            "unlockItems": [
                                                "animation.type"
                                            ],
                                            "type": "GSQPopupField",
                                            "dataAttribute": "resource",
                                            "dialog": {
                                                "uid": "dialog.selectGraphicResource",
                                                "parameters": {
                                                    "folder": "Graphics/Masks"
                                                }
                                            }
                                        },
                                        {
                                            "label": "$$A20F74E20798454C200A83253DEACB863B87",
                                            "identifier": "animation_maskVague",
                                            "variableButton": {
                                                "dataSource": "numbers"
                                            },
                                            "unlockItems": [
                                                "animation.type"
                                            ],
                                            "type": "GSQStepper",
                                            "attribute": "animation.mask.vague",
                                            "minimum": 0,
                                            "maximum": 255
                                        }
                                    ]
                                }
                            ]
                        }
                    ]
                }
            ]
        },
        "sections": [],
        "rawContent": "{\n    \"parentId\": \"AFAD6CEFK59C1A4298SBABFE7AEC1B964622\",\n    \"displayName\": \"$$3FA17C62K182DA4AC9S9A26E7F594431DDD9\",\n    \"windowTitle\": \"$$3FA17C62K182DA4AC9S9A26E7F594431DDD9\",\n    \"type\": \"event_command\",\n    \"title\": \"$$P22\",\n    \"id\": \"gs.ErasePicture\",\n    \"group\": \"$$8E805C42KAAEBA4E2ASAFEBE14638DCA0760\",\n    \"subGroup\": \"$$9E1A5407531CC141D66911387F0B53C14B4F\",\n    \"windowSize\": {\n        \"w\": 400\n    },\n    \"nodes\": [\n        {\n            \"name\": \"return GS.ECH.textForErasePicture(p);\",\n            \"id\": \"gs.ErasePicture\"\n        }\n    ],\n    \"defaultValue\": { \"numberDomain\": GS.CONST.DEFAULT_DOMAIN, \"number\": 0, \"duration\": 0, \"waitForCompletion\": 0, \"easing\": { \"type\": 0, \"inOut\": 1 }, \"animation\": GS.CONST.DEFAULT_APPEARANCE_ANIMATION_DATA },\n    \"quickItems\": [\n        GSQ.CONTROLS.GRAPHIC_OBJECT_NUMBER,\n        Object.override(GSQ.CONTROLS.DURATION, {\"lockable\": true}),\n        GSQ.CONTROLS.WAIT_FOR_COMPLETION\n    ],\n    \"expandedView\": {\n        \"columns\": [\n            {\n                \"sections\": [\n                    {\n                        \"label\": \"$$4B6665ACK640FA4A19S89F1E4F1070280626\",\n                        \"rows\": [\n                            GSQ.ROWS.EASING,\n                            GSQ.ROWS.APPEARANCE_ANIMATION\n                        ]\n                    } \n                ]\n            }\n        ]\n    },\n    \"sections\": [\n    ]\n}",
        "name": "Erase Picture",
        "order": 4
    },
    "summary": [
        "name",
        "type"
    ]
}