{"uid":"07DDB070D342B24C","isLoaded":true,"lastModificationTime":1424023482056,"items":{"displayName":"$$2A07BF6E4EADB149B109E89052CAEC6DB251","title":"$$52D40501K0A2CA4742SAEA9E932EDDA2399F","id":"gs.ResumeMusic","group":"$$42B163D5K15C1A4737SA896EB7D0DDAA19AC","subGroup":"$$P136","defaultValue":{"layer":0,"fadeInDuration":0},"quickItems":[{"label":"$$C391D8A187BE754D3C48CC54E73980E75EB9","lockable":true,"valueFormula":"return fmtDuration(p.fadeInDuration)","valueTranslator":{"write":"return v / 1000 * GS.CONST.GAME_FRAME_RATE","read":"return ROUND(v / GS.CONST.GAME_FRAME_RATE * 1000)"},"attribute":"fadeInDuration","minimum":0,"maximum":999999999,"type":"GSQStepper"}],"expandedView":{"columns":[{"sections":[{"label":"$$9FEB895376A9F34CF86B5494DBD692B58693","rows":[{"items":[{"label":"$$272673AEKE288A48D0SB8D7EEFF528276A59","variableButton":{"dataSource":"numbers"},"type":"GSQStepper","attribute":"layer","minimum":0,"maximum":999999999}]}]}]}]},"rawContent":"{\n    \"displayName\": \"$$2A07BF6E4EADB149B109E89052CAEC6DB251\",\n    \"title\": \"$$52D40501K0A2CA4742SAEA9E932EDDA2399F\",\n    \"id\": \"gs.ResumeMusic\",\n    \"group\": \"$$42B163D5K15C1A4737SA896EB7D0DDAA19AC\",\n    \"subGroup\": \"$$P136\",\n    \"defaultValue\": { \"layer\": 0, \"fadeInDuration\": 0 },\n    \"quickItems\": [\n        GSQ.CONTROLS.AUDIO_FADE_IN\n    ],\n    \"expandedView\": {\n        \"columns\": [\n            {\n                \"sections\": [\n                    {\n                        \"label\": \"$$9FEB895376A9F34CF86B5494DBD692B58693\",\n                        \"rows\": [\n                            { \"items\": [GSQ.CONTROLS.AUDIO_LAYER] } \n                        ]\n                    } \n                ]\n            }\n        ]\n    }\n}","name":"Resume Music","type":"event_command","parentId":"4F83188DK2895A4449SBAF7E09712D75291C","order":4},"summary":["name","type"]}