{"uid":"07DD30E11342C089","lastModificationTime":1401039182978,"items":{"name":"Heros","type":"DataRecordCollection","records":[{"name":"Alexander","index":"0","toString":[null,"0nan: "],"initialLevel":1,"maxLevel":99,"description":"","faceGraphic":{"name":"ORTPFace1","hue":0,"opacity":255},"characterGraphic":{"name":"SatanicChars_2","hue":0,"opacity":255},"features":[],"note":"","facePattern":0,"characterPattern":0,"classId":0,"animations":[],"bodyArmorId":0,"weaponId":0,"shieldId":0,"headArmorId":0,"accessoryId":0,"properties":[],"standAnimationId":0,"prepareAttackAnimationId":3,"preMagicAnimationId":0,"guardAnimationId":0,"attackAnimationId":0,"magicAnimationId":0,"itemAnimationId":0,"damageAnimationId":0,"deathAnimationId":0,"preAttackAnimationId":0,"badStatusAnimationId":0,"battlePosition":[{"x":0,"y":1}]}],"viewUid":"07DDB1A132032255"},"summary":["name","type"]}