{"uid":"07DD80F11151724A","isLoaded":true,"lastModificationTime":1424023478889,"items":{"displayName":"$$9F4871B9K8F73A4C9BS92C6E93CE66D079AE","id":"gs.BreakLoopCommand","group":"$$2DCE5AEAK657FA4F5BS8EC3EA543DC123D24","subGroup":"$$BC4DFF3B1A9953463A7BE1E9FA84DF33D265","defaultValue":{},"quickItems":[],"rawContent":"{\n    \"displayName\": \"$$9F4871B9K8F73A4C9BS92C6E93CE66D079AE\",\n    \"id\": \"gs.BreakLoopCommand\",\n    \"group\": \"$$2DCE5AEAK657FA4F5BS8EC3EA543DC123D24\",\n    \"subGroup\": \"$$BC4DFF3B1A9953463A7BE1E9FA84DF33D265\",\n    \"defaultValue\": {},\n    \"quickItems\": []\n}","name":"Break Loop","type":"event_command","parentId":"97163D89K8F9DA45ADSA51CE47DE4ECE311C","order":14},"summary":["name","type"]}