{"uid":"07DDB1C173303031","lastModificationTime":1405801495492,"items":{"name":"Vocabulary","type":"DataRecordCollection","records":[{"name":"Vocabulary","index":0,"titleScreen":{"newGame":{"lcId":"50EB7D91KDC85A4344SAB06E6637F60CE96C","defaultText":"New Game"},"continue":{"lcId":"3FC6F97DK0B87A4A4CS94B8ECA80FE5EB0AB","defaultText":"Continue"},"endGame":{"lcId":"A9A6C677K7A89A40BBSB892E590FE39A9E4D","defaultText":"End Game"},"returnToTitle":{"lcId":"P11"}},"menu":{"status":{"lcId":"55BEB62EKF3D4A4694S92BBE0CB8DDE4B9C5","defaultText":"Status"},"items":{"lcId":"C43DF84AKC46DA451DSB382EE0EDA230A3F1","defaultText":"Items"},"skills":{"lcId":"724C9147KD91EA448CSAF4AE1E0AFFE32455","defaultText":"Skills"},"equipment":{"lcId":"4D12696BK0EEEA4F3AS851EEBCF822A593C9","defaultText":"Equipment"},"save":{"lcId":"626B80E8K3BA3A4720SA2DBEE4821E3487EC","defaultText":"Save"},"endGame":{"lcId":"55EF2080K6DC5A42ECS9E7BEC5B3F1B1AC49","defaultText":"End Game"},"toNextLevel":{"lcId":"9145838BKA817A4C62S9D1EE5F6D6095BF7C","defaultText":"To next level"},"level":{"lcId":"39E97034K10FDA404DSB093E5C184D4B53FE","defaultText":"Level"},"exp":{"lcId":"DBA826F4KEABCA480CSA8A6E2175B6A36A24","defaultText":"EXP"},"money":{"lcId":"1936EF6DKBF55A4AB9SA357E79515AB53809","defaultText":"Money"},"gameTime":{"lcId":"BA656CB0K63DBA4442SB2BAE387F45292B5D","defaultText":"Game Time"},"time":{"lcId":"F4E7599AKE6D6A404CS9135EEF56509CD71A","defaultText":"{h} .h {min} .min"},"moneyValue":{"lcId":"1AE03DFEK6F4FA490BSB402E8A208E3979BC","defaultText":"{money} {cur}"},"weapons":{"lcId":"A7940094K26EAA4B73S9E53E2D3E5DEB4077","defaultText":"Weapons"},"armors":{"lcId":"6D6646A9KA9EBA48C1SB6A8EB2175D647976","defaultText":"Armors"}},"saveGameMenu":{"pleaseSelectLoad":{"lcId":"6D796AF0KF51CA4B7FS991AE4D8291A4FE9E","defaultText":"Select a file to load."},"pleaseSelectSave":{"lcId":"D1DB141FKFA69A4150SBCEDEF88BF56FE652","defaultText":"Select a file to save."},"file":{"lcId":"EC30E20FK1790A4295S8155E6738579A51ED","defaultText":"File {slot}"},"noGameData":{"lcId":"FB03A7E4KEA47A428ESAB6FEB3BB9348CCAF","defaultText":"No Game Data"},"level":{"lcId":"7CDA1B1AKBE7FA41F7SA41FE501AE58208BD","defaultText":"Lv. {level}"},"money":{"lcId":"89786302K7779A4D63S9609E600D50632D1B","defaultText":"{money} {cur}"},"time":{"lcId":"7EFDF833KFA60A4D11SB9CFE4B422FEEB502","defaultText":"{h} h. {min} min."}},"shopMenu":{"buy":{"lcId":"33BFDFFFKDDA7A4EDBS8B4BE591A76D8FEB8","defaultText":"Buy"},"sell":{"lcId":"838E9E3DK94AEA4D7BS8A5AE9FA6CF295DF0","defaultText":"Sell"},"leave":{"lcId":"F6935F03K532BA4166S9054EE1F343522837","defaultText":"Leave"},"howMuch":{"lcId":"8AC41956K2049A4BB8S82D7EDEC2B3A729D9","defaultText":"How much?"},"currency":{"lcId":"53E44B47K2731A4C33S87EDE364C26E553E7","defaultText":"G"}},"battle":{"attack":{"lcId":"D1F71D20KE0BFA4CBESAB48E2C3A41756690","defaultText":"Attack"},"guard":{"lcId":"C128C385K185AA41D4SAEE6E679176673BCD","defaultText":"Guard"},"escape":{"lcId":"F3A899A0K2E56A4150S86ADEB751416A2C4A","defaultText":"Escape"},"parameterUp":{"lcId":"07BA7235K147BA458DSB534E2DDABA1A7D2D","defaultText":"[{param}] up!"},"parameterDown":{"lcId":"A81C387CK9284A4C3BS83ACE15FE32D0A617","defaultText":"[{param}] down!"},"miss":{"lcId":"ED37F1DCKE3DEA4CEBSA5B2E89F2590B6D86","defaultText":"Miss!"},"swap":{"lcId":"1456213AK724CA4942S98FAEFF73DD9EF1AC","defaultText":"Swap!"},"appears":{"lcId":"9930B941K1023A46D8SBB0CE5D069389FDDC","defaultText":"{enemy} appears!"},"escaped":{"lcId":"7138ED1FK2ADBA4A92S981EE35AC48F491C1","defaultText":"You escaped!"},"won":{"lcId":"C2233029K21D0A4DFDSAC02E181C508BCF59","defaultText":"You win!"},"lost":{"lcId":"2C791FFAK18BBA42A2S89EFEF6DD2F91322D","defaultText":"You lose!"},"moneyReceived":{"lcId":"598A1EEFKABC0A432AS9ACFE5A2C3A923D06","defaultText":"{money} received!"},"expReceived":{"lcId":"2FEF481DK15CFA4FF6SA800E508F4E0F36FB","defaultText":"{exp} received!"},"drop":{"lcId":"4D2A9F2DKA03EA4D2FSA510E17F843E6613C","defaultText":"{troop} drops {items}!"},"levelUp":{"lcId":"6E622003K8037A43D1SAC4CEA517D8C20CC9","defaultText":"{actor} reaches level {level}!"},"learnsSkill":{"lcId":"77BF1A68KA9F3A4EB3SA924E5E47299313EA","defaultText":"{actor} learns {skill}!"},"over":{"lcId":"49DC7E16K5E96A4999S80B2ECAE693919E37","defaultText":"The battle is over..."}},"parameters":{"mlp":{"lcId":"D6AF7B78KB83AA4AF6SA29EE047342B05E22","defaultText":"MLP"},"lp":{"lcId":"E2FBCCB6K59F8A46E5SACF5E9E53AE0EFF4A","defaultText":"LP"},"mmp":{"lcId":"A9DDF0C7KC02DA4CFFSB46BE268CA9F39466","defaultText":"MMP"},"mp":{"lcId":"416B3B02K0AB7A47D2SA980E627E47CCDD6D","defaultText":"MP"},"atk":{"lcId":"377255FCK8F5FA4625SA705E21171575FD30","defaultText":"ATK"},"def":{"lcId":"F2DABF1FKA42DA4A2ES807FE4F7259EAD839","defaultText":"DEF"},"mat":{"lcId":"1D0FAD2EK68BFA4E1ESAA74EED8C9884EB1F","defaultText":"MAT"},"mdf":{"lcId":"B9717316KE3ABA4C14SBDC1E9B34EE922292","defaultText":"MDF"},"agi":{"lcId":"961DAB12K6509A4DCDS83CCE253770610870","defaultText":"AGI"},"luk":{"lcId":"4650D1F3KF996A4ECBSBFDEEE8AB9997C7B2","defaultText":"LUK"}},"equipSlots":{"weapon":{"lcId":"705BFE4BK1E4DA4EF5SA042E3792E865D5CB","defaultText":"Weapon"},"shield":{"lcId":"E390C19AK1621A486FSAC8FE0D9DB260413B","defaultText":"Shield"},"headArmor":{"lcId":"2B1C0294KCFE2A463CSB9CBE4170F17BCFFB","defaultText":"Head"},"bodyArmor":{"lcId":"B495E7F9K4158A45B1S952EE0592AD8E3067","defaultText":"Body"},"accessory":{"lcId":"A69A420AKB160A40CBSB26DE9F484342C824","defaultText":"Accessory"}},"endScreen":{"returnToTitle":{"lcId":"16B8126CKECB2A4648S8B32E83E0522F4997","defaultText":"Return to Title"},"quit":{"lcId":"0681D7E4KF76AA4A54SA09FEC30A97977B09","defaultText":"Quit"},"cancel":{"lcId":"4462D1DEK4F2DA49B0SBEB1E4F8FB981E254","defaultText":"Cancel"}},"textInputMap":{"lcId":"1F2457F3KD253A4AB2S8062E2AC3CF5EBC6B","defaultText":"[\n    [\"A\", \"B\", \"C\", \"D\", \"E\", \"F\", \" \", \"a\", \"b\", \"c\", \"d\", \"e\", \"f\"],\n    [\"G\", \"H\", \"I\", \"J\", \"K\", \"L\", \" \", \"g\", \"h\", \"i\", \"j\", \"k\", \"l\"],\n    [\"M\", \"N\", \"O\", \"P\", \"Q\", \"R\", \" \", \"m\", \"n\", \"o\", \"p\", \"q\", \"r\"],\n    [\"S\", \"T\", \"U\", \"V\", \"W\", \"X\", \" \", \"s\", \"t\", \"u\", \"v\", \"w\", \"x\"],\n    [\"Y\", \"Z\", \"Ä\", \"Ö\", \"Ü\", \" \", \" \", \"y\", \"z\", \"ä\", \"ö\", \"ü\", \"ß\"],\n    [\"1\", \"2\", \"3\", \"4\", \"5\", \"6\", \" \", \" \", \" \", \" \", \" \", \" \", \" \"],\n    [\"7\", \"8\", \"9\", \" \", \" \", \" \", \" \", \" \", \" \", \" \", \" \", \" \", \" \"],\n    [\" \", \" \", \" \", \" \", \" \", \" \", \" \", \" \", \" \", \" \", \" \", \" \", \"OK\"]\n]"}}],"viewUid":"07DDB1C15160E01A","localizableStrings":{"50EB7D91KDC85A4344SAB06E6637F60CE96C":"New Game","3FC6F97DK0B87A4A4CS94B8ECA80FE5EB0AB":"Continue","A9A6C677K7A89A40BBSB892E590FE39A9E4D":"End Game","16B8126CKECB2A4648S8B32E83E0522F4997":"Return to Title","0681D7E4KF76AA4A54SA09FEC30A97977B09":"Quit","4462D1DEK4F2DA49B0SBEB1E4F8FB981E254":"Cancel","55BEB62EKF3D4A4694S92BBE0CB8DDE4B9C5":"Status","C43DF84AKC46DA451DSB382EE0EDA230A3F1":"Items","A7940094K26EAA4B73S9E53E2D3E5DEB4077":"Weapons","6D6646A9KA9EBA48C1SB6A8EB2175D647976":"Armors","724C9147KD91EA448CSAF4AE1E0AFFE32455":"Skills","4D12696BK0EEEA4F3AS851EEBCF822A593C9":"Equipment","626B80E8K3BA3A4720SA2DBEE4821E3487EC":"Save","55EF2080K6DC5A42ECS9E7BEC5B3F1B1AC49":"End Game","9145838BKA817A4C62S9D1EE5F6D6095BF7C":"To next level","39E97034K10FDA404DSB093E5C184D4B53FE":"Level","DBA826F4KEABCA480CSA8A6E2175B6A36A24":"EXP","1936EF6DKBF55A4AB9SA357E79515AB53809":"Money","1AE03DFEK6F4FA490BSB402E8A208E3979BC":"{money} {cur}","BA656CB0K63DBA4442SB2BAE387F45292B5D":"Game Time","F4E7599AKE6D6A404CS9135EEF56509CD71A":"{h} .h {min} .min","6D796AF0KF51CA4B7FS991AE4D8291A4FE9E":"Select a file to load.","D1DB141FKFA69A4150SBCEDEF88BF56FE652":"Select a file to save.","EC30E20FK1790A4295S8155E6738579A51ED":"File {slot}","FB03A7E4KEA47A428ESAB6FEB3BB9348CCAF":"No Game Data","7CDA1B1AKBE7FA41F7SA41FE501AE58208BD":"Lv. {level}","89786302K7779A4D63S9609E600D50632D1B":"{money} {cur}","7EFDF833KFA60A4D11SB9CFE4B422FEEB502":"{h} h. {min} min.","33BFDFFFKDDA7A4EDBS8B4BE591A76D8FEB8":"Buy","838E9E3DK94AEA4D7BS8A5AE9FA6CF295DF0":"Sell","F6935F03K532BA4166S9054EE1F343522837":"Leave","8AC41956K2049A4BB8S82D7EDEC2B3A729D9":"How much?","53E44B47K2731A4C33S87EDE364C26E553E7":"G","D1F71D20KE0BFA4CBESAB48E2C3A41756690":"Attack","C128C385K185AA41D4SAEE6E679176673BCD":"Guard","F3A899A0K2E56A4150S86ADEB751416A2C4A":"Escape","07BA7235K147BA458DSB534E2DDABA1A7D2D":"[{param}] up!","A81C387CK9284A4C3BS83ACE15FE32D0A617":"[{param}] down!","ED37F1DCKE3DEA4CEBSA5B2E89F2590B6D86":"Miss!","1456213AK724CA4942S98FAEFF73DD9EF1AC":"Swap!","9930B941K1023A46D8SBB0CE5D069389FDDC":"{enemy} appears!","7138ED1FK2ADBA4A92S981EE35AC48F491C1":"You escaped!","C2233029K21D0A4DFDSAC02E181C508BCF59":"You win!","2C791FFAK18BBA42A2S89EFEF6DD2F91322D":"You lose!","598A1EEFKABC0A432AS9ACFE5A2C3A923D06":"{money} received!","2FEF481DK15CFA4FF6SA800E508F4E0F36FB":"{exp} received!","4D2A9F2DKA03EA4D2FSA510E17F843E6613C":"{troop} drops {items}!","6E622003K8037A43D1SAC4CEA517D8C20CC9":"{actor} reaches level {level}!","77BF1A68KA9F3A4EB3SA924E5E47299313EA":"{actor} learns {skill}!","49DC7E16K5E96A4999S80B2ECAE693919E37":"The battle is over...","D6AF7B78KB83AA4AF6SA29EE047342B05E22":"MLP","E2FBCCB6K59F8A46E5SACF5E9E53AE0EFF4A":"LP","A9DDF0C7KC02DA4CFFSB46BE268CA9F39466":"MMP","416B3B02K0AB7A47D2SA980E627E47CCDD6D":"MP","377255FCK8F5FA4625SA705E21171575FD30":"ATK","F2DABF1FKA42DA4A2ES807FE4F7259EAD839":"DEF","1D0FAD2EK68BFA4E1ESAA74EED8C9884EB1F":"MAT","B9717316KE3ABA4C14SBDC1E9B34EE922292":"MDF","961DAB12K6509A4DCDS83CCE253770610870":"AGI","4650D1F3KF996A4ECBSBFDEEE8AB9997C7B2":"LUK","705BFE4BK1E4DA4EF5SA042E3792E865D5CB":"Weapon","E390C19AK1621A486FSAC8FE0D9DB260413B":"Shield","2B1C0294KCFE2A463CSB9CBE4170F17BCFFB":"Head","B495E7F9K4158A45B1S952EE0592AD8E3067":"Body","A69A420AKB160A40CBSB26DE9F484342C824":"Accessory","1F2457F3KD253A4AB2S8062E2AC3CF5EBC6B":"[\n    [\"A\", \"B\", \"C\", \"D\", \"E\", \"F\", \" \", \"a\", \"b\", \"c\", \"d\", \"e\", \"f\"],\n    [\"G\", \"H\", \"I\", \"J\", \"K\", \"L\", \" \", \"g\", \"h\", \"i\", \"j\", \"k\", \"l\"],\n    [\"M\", \"N\", \"O\", \"P\", \"Q\", \"R\", \" \", \"m\", \"n\", \"o\", \"p\", \"q\", \"r\"],\n    [\"S\", \"T\", \"U\", \"V\", \"W\", \"X\", \" \", \"s\", \"t\", \"u\", \"v\", \"w\", \"x\"],\n    [\"Y\", \"Z\", \"Ä\", \"Ö\", \"Ü\", \" \", \" \", \"y\", \"z\", \"ä\", \"ö\", \"ü\", \"ß\"],\n    [\"1\", \"2\", \"3\", \"4\", \"5\", \"6\", \" \", \" \", \" \", \" \", \" \", \" \", \" \"],\n    [\"7\", \"8\", \"9\", \" \", \" \", \" \", \" \", \" \", \" \", \" \", \" \", \" \", \" \"],\n    [\" \", \" \", \" \", \" \", \" \", \" \", \" \", \" \", \" \", \" \", \" \", \" \", \"OK\"]\n]"}},"summary":["name","type"]}