{"uid":"08A36498271B7943A749A5C3E393C0F699AF","isLoaded":true,"lastModificationTime":0,"items":{"name":"NormalBlush","type":"data_record","order":7,"parentId":"B0A7DACC5562434CA869D25601D957C60A64","category":"characterExpressions","data":{"name":"NormalBlush","index":"08A36498271B7943A749A5C3E393C0F699AF","idleTime":{"start":0,"end":0},"idleSpeed":100,"idle":[{"resource":{"name":"WillowDate_NormalBlush"}}],"talking":[]},"id":"08A36498271B7943A749A5C3E393C0F699AF"},"summary":["name","type","order"]}