{"uid":"0A2D0E9AIF700T4FD6ABA82J7ACF419B5F64","lastModificationTime":1412075571812,"items":{"name":"New Record","type":"data_record","category":"tilesets","id":2,"isFolder":false,"data":{"name":"New Record","graphic":{"name":""},"autotileGraphics":[{"name":""},{"name":""},{"name":""},{"name":""},{"name":""},{"name":""},{"name":""}],"passages":{"0":0,"1":0,"2":0,"3":0,"4":0,"5":0,"6":0,"7":0,"8":0,"9":0,"10":0,"11":0,"12":0,"13":0,"14":0,"15":0},"terrainTags":{"0":0,"1":0,"2":0,"3":0,"4":0,"5":0,"6":0,"7":0,"8":0,"9":0,"10":0,"11":0,"12":0,"13":0,"14":0,"15":0},"priorities":{"0":0,"1":0,"2":0,"3":0,"4":0,"5":0,"6":0,"7":0,"8":0,"9":0,"10":0,"11":0,"12":0,"13":0,"14":0,"15":0},"terrains":[],"note":"","index":2},"parentId":"ROOT"},"summary":["name","type"]}