{
    "uid": "0A90CD55KAA29A442FSBB07E9303748D57C8",
    "isLoaded": true,
    "lastModificationTime": 0,
    "items": {
        "name": "UpdateBehavior",
        "type": "game_script",
        "order": 0,
        "parentId": "14495DE0KFF88A430DS90C9EE40D97139153",
        "folder": false,
        "content": "# ===================================================================\n#\n#   Script: UpdateBehavior\n#\n#   $$COPYRIGHT$$\n#\n# ===================================================================\n\n###*\n* An enumeration of different UI object update behaviors.\n*\n* @module ui\n* @class UpdateBehavior\n* @memberof ui\n* @constructor\n* @static\n* @final\n###\nclass UpdateBehavior\n    @initialize: ->\n        ###*\n        * The UI object is only updated if necessary. However, there are cases where\n        * a necessary update is not detected.\n        * @property NORMAL\n        * @type number\n        * @static\n        * @final\n        ###\n        @NORMAL = 0\n        \n        ###*\n        * The UI object is updated on every frame.\n        * @property CONTINUOUS\n        * @type number\n        * @static\n        * @final\n        ###\n        @CONTINUOUS = 1\n    \nUpdateBehavior.initialize()\nui.UpdateBehavior = UpdateBehavior",
        "compiledContent": "// Generated by CoffeeScript 1.12.7\n\n/**\n* An enumeration of different UI object update behaviors.\n*\n* @module ui\n* @class UpdateBehavior\n* @memberof ui\n* @constructor\n* @static\n* @final\n */\n\n(function() {\n  var UpdateBehavior;\n\n  UpdateBehavior = (function() {\n    function UpdateBehavior() {}\n\n    UpdateBehavior.initialize = function() {\n\n      /**\n      * The UI object is only updated if necessary. However, there are cases where\n      * a necessary update is not detected.\n      * @property NORMAL\n      * @type number\n      * @static\n      * @final\n       */\n      this.NORMAL = 0;\n\n      /**\n      * The UI object is updated on every frame.\n      * @property CONTINUOUS\n      * @type number\n      * @static\n      * @final\n       */\n      return this.CONTINUOUS = 1;\n    };\n\n    return UpdateBehavior;\n\n  })();\n\n  UpdateBehavior.initialize();\n\n  ui.UpdateBehavior = UpdateBehavior;\n\n}).call(this);\n"
    },
    "summary": [
        "name",
        "type"
    ],
    "externalItems": []
}