{"uid":"13EF456C755D974FF1793344C11DD62658BD","isLoaded":true,"lastModificationTime":0,"items":{"id":"gs.CreateMessageArea","displayName":"$$9EE49C4748EA924EBC1A42314FA16F2060AD","group":"$$8C18C980KCA7CA4FCDS99EFEC6824693DD97","subGroup":"$$7F2E596F36975540830ACF8248644620D341","defaultValue":{"numberDomain":"com.degica.vnm.default","number":0,"box":{"x":0,"y":0,"size":{"width":300,"height":100}}},"quickItems":[{"label":"$$C287D490K9B01A4407SA616EF2726CA43B52","identifier":"number","variableButton":{"dataSource":"numbers"},"domainButton":true,"type":"GSQStepper","attribute":"number","minimum":0,"maximum":999999999},{"label":"","valueFormula":"return fmt('%d, %d, %d, %d', p.box.x, p.box.y, p.box.size.width, p.box.size.height)","type":"GSQPopupField","dialog":{"uid":"362CF89CKA303A4C45S8C46EF752B9CB2E43"},"attribute":"box","dataAttribute":"object"}],"rawContent":"{\n    \"id\": \"gs.CreateMessageArea\",\n    \"displayName\": \"$$9EE49C4748EA924EBC1A42314FA16F2060AD\",\n    \"group\": \"$$8C18C980KCA7CA4FCDS99EFEC6824693DD97\",\n    \"subGroup\": \"$$7F2E596F36975540830ACF8248644620D341\",\n    \"defaultValue\": { \"numberDomain\": GS.CONST.DEFAULT_DOMAIN, \"number\": 0, \"box\": { \"x\": 0, \"y\": 0, \"size\": { \"width\": 300, \"height\": 100 }} },\n    \"quickItems\": [\n        GSQ.CONTROLS.GRAPHIC_OBJECT_NUMBER,\n        {\n            \"label\": \"\",\n            \"valueFormula\": \"return fmt('%d, %d, %d, %d', p.box.x, p.box.y, p.box.size.width, p.box.size.height)\",\n            \"type\": \"GSQPopupField\",\n            \"dialog\": { \"uid\": \"362CF89CKA303A4C45S8C46EF752B9CB2E43\" },\n            \"attribute\": \"box\",\n            \"dataAttribute\": \"object\"\n        }\n    ]\n}","name":"Create Message Area","type":"event_command","parentId":"8CC0A736KF347A454AS899FE4F42878D912C","order":17},"summary":["name","type"]}