{"uid":"14C0031CI7120T490EA94A5JD0F22A5DBD6F","lastModificationTime":1413544095297,"items":{"name":"Old Werewolf Guard","type":"data_record","category":"simpleAnimations","id":77,"isFolder":false,"data":{"name":"Old Werewolf Guard","graphic":{"name":"werewolfbattle01","hue":150,"opacity":255,"blending":0,"tone":{"red":0,"green":0,"blue":0,"grey":0}},"framesX":4,"framesY":4,"useFrameRange":true,"useRepetitionFrameRange":false,"position":0,"duration":48,"repeat":false,"effects":[],"index":77,"frameRange":{"start":4,"end":4}},"parentId":"0BEF0B32I580CT465CA9C55J7679EC622928"},"summary":["name","type"]}