{"uid":"16B13A53IC445T409CABEAAJCDD667F377EB","lastModificationTime":1413544096465,"items":{"name":"Old Werewolf Death","type":"data_record","category":"simpleAnimations","id":82,"isFolder":false,"data":{"name":"Old Werewolf Death","graphic":{"name":"werewolfbattle01","hue":150,"opacity":255,"blending":0,"tone":{"red":0,"green":0,"blue":0,"grey":0}},"framesX":4,"framesY":4,"useFrameRange":true,"useRepetitionFrameRange":false,"position":0,"duration":32,"repeat":false,"effects":[],"index":82,"frameRange":{"start":12,"end":12}},"parentId":"0BEF0B32I580CT465CA9C55J7679EC622928"},"summary":["name","type"]}