{"uid":"1B8FCCCFK85ECA454DS8623E51E6225D2132","isLoaded":true,"lastModificationTime":0,"items":{"id":"gs.Idle","group":"$$2DCE5AEAK657FA4F5BS8EC3EA543DC123D24","subGroup":"$$BC4DFF3B1A9953463A7BE1E9FA84DF33D265","displayName":"$$95FD34BF6CA0C741FF3AB542417BDF861C1E","defaultValue":{},"quickItems":[],"rawContent":"{\n    \"id\": \"gs.Idle\",\n    \"group\": \"$$2DCE5AEAK657FA4F5BS8EC3EA543DC123D24\",\n    \"subGroup\": \"$$BC4DFF3B1A9953463A7BE1E9FA84DF33D265\",\n    \"displayName\": \"$$95FD34BF6CA0C741FF3AB542417BDF861C1E\",\n    \"defaultValue\": {},\n    \"quickItems\": []\n}","name":"Idle","type":"event_command","parentId":"97163D89K8F9DA45ADSA51CE47DE4ECE311C","order":17},"summary":["name","type"]}