{
    "uid": "1BA9BE1D206CD1449A29FDF5D8CD07CC352D",
    "isLoaded": true,
    "lastModificationTime": 0,
    "items": {
        "name": "I am waiting for someone",
        "type": "vn.scene",
        "parentId": "3305C56CKBF5BA44BFS8614EE4B277E49F6A",
        "chapterUid": "49DC3EE6267197419859C9E4D23776294B50",
        "order": 1,
        "localizableStrings": {
            "E22C8ED96D3BA34B2F1B1562386EF26895BB": {
                "t": "Oh, I see",
                "d": {
                    "cid": "D817084774AB154CCE68B7B2587B0058EBFA"
                }
            }
        },
        "commands": [
            {
                "id": "gs.ClearMessage",
                "params": {
                    "fieldFlags": {
                        "duration": 1
                    },
                    "duration": 30,
                    "waitForCompletion": 1
                },
                "indent": 0,
                "uid": "C378177E41BD70444E7A5FD6C17B28949C12"
            },
            {
                "id": "gs.MessageSettings",
                "params": {
                    "backlog": 1,
                    "bold": 0,
                    "italic": 0,
                    "smallCaps": 0,
                    "underline": 0,
                    "strikeThrough": 0,
                    "autoErase": 1,
                    "waitAtEnd": 1,
                    "font": "Verdana",
                    "size": 40,
                    "outline": 0,
                    "shadow": 0,
                    "color": {
                        "red": 255,
                        "green": 255,
                        "blue": 255,
                        "alpha": 255
                    },
                    "outlineColor": {
                        "red": 0,
                        "green": 0,
                        "blue": 0,
                        "alpha": 255
                    },
                    "shadowColor": {
                        "red": 0,
                        "green": 0,
                        "blue": 0,
                        "alpha": 255
                    },
                    "fieldFlags": {
                        "autoErase": 0,
                        "waitAtEnd": 0,
                        "backlog": 1,
                        "font": 1,
                        "size": 1,
                        "bold": 1,
                        "italic": 1,
                        "smallCaps": 1,
                        "underline": 1,
                        "strikeThrough": 1,
                        "color": 1,
                        "outline": 1,
                        "outlineColor": 1,
                        "shadow": 1,
                        "shadowColor": 1,
                        "lineSpacing": 1,
                        "linePadding": 1,
                        "paragraphSpacing": 1,
                        "lineHeight": 1,
                        "useCharacterColor": 1,
                        "outlineSize": 1,
                        "shadowOffsetX": 1,
                        "shadowOffsetY": 1
                    },
                    "lineSpacing": 0,
                    "linePadding": 6,
                    "paragraphSpacing": 0,
                    "lineHeight": 0,
                    "useCharacterColor": 0,
                    "outlineSize": 4,
                    "shadowOffsetX": 1,
                    "shadowOffsetY": 1
                },
                "indent": 0,
                "uid": "E88D609F612D3741B66B8FA1095749717FE9",
                "expanded": false
            },
            {
                "id": "gs.ShowMessage",
                "params": {
                    "waitForCompletion": 1,
                    "duration": 15,
                    "expressionId": null,
                    "custom": {
                        "object": {
                            "x": 0,
                            "y": 0,
                            "size": {
                                "width": 300,
                                "height": 100
                            }
                        }
                    },
                    "message": {
                        "lcId": "E22C8ED96D3BA34B2F1B1562386EF26895BB",
                        "defaultText": "Oh, I see"
                    },
                    "position": 0,
                    "characterId": "D817084774AB154CCE68B7B2587B0058EBFA",
                    "partial": 0,
                    "fieldFlags": {
                        "duration": 1
                    },
                    "expressions": [],
                    "animations": []
                },
                "indent": 0,
                "expanded": true,
                "uid": "14CA248624B9B6460D88622009EC046F074F"
            }
        ],
        "livePreviewDisabled": false
    },
    "summary": [
        "name",
        "type",
        "parentId",
        "chapterUid",
        "order"
    ],
    "externalItems": []
}