{"uid":"1C92127BK9A04A49D3S9FCBE19CC42DC4BF2","isLoaded":true,"lastModificationTime":1428415345485,"items":{"id":"gs.FlashPicture","displayName":"$$6D8C0C09K894DA4663SB614ECBB3135CE768","group":"$$8E805C42KAAEBA4E2ASAFEBE14638DCA0760","subGroup":"$$9D7B8871KE8A7A410ES8CA3EA1F415A8BEA7","defaultValue":{"numberDomain":"com.degica.vnm.default","number":0,"color":{"red":255,"green":255,"blue":255,"alpha":255},"duration":0,"waitForCompletion":0},"quickItems":[{"label":"$$C287D490K9B01A4407SA616EF2726CA43B52","identifier":"number","variableButton":{"dataSource":"numbers"},"domainButton":true,"type":"GSQStepper","attribute":"number","minimum":0,"maximum":999999999},{"label":"$$CE4922C3K0381A4335S898CEFEBA22825F89","valueFormula":"return p.color.red + ', ' + p.color.green + ', ' + p.color.blue + ', '+p.color.alpha; ","attribute":"color","type":"GSQPopupField","lockable":false,"dataAttribute":"color","dialog":{"uid":"07DDB0112342C01F","parameters":{}}},{"label":"$$0BD2456DK1DA1A4C2DS9C03EAC7A2C6C7815","valueFormula":"return fmtDuration(fmtNumVar(p.duration))","valueTranslator":{"write":"return v / 1000 * GS.CONST.GAME_FRAME_RATE","read":"return ROUND(v / GS.CONST.GAME_FRAME_RATE * 1000)"},"type":"GSQStepper","attribute":"duration","identifier":"duration","variableButton":{"dataSource":"numbers"},"minimum":0,"maximum":999999999},{"type":"GSQPopupField","attribute":"waitForCompletion","identifier":"waitForCompletion","dataSource":["$$2EA7A7BF12D3404F62094CA6644784A9FC40","$$97A5E676K2351A43FCSB0DFEBB5CF7A73243"],"valueFormula":"return (p.waitForCompletion ? lcs('97A5E676K2351A43FCSB0DFEBB5CF7A73243') : lcs('2EA7A7BF12D3404F62094CA6644784A9FC40'))"}],"sections":[],"rawContent":"{\n    \"id\": \"gs.FlashPicture\",\n    \"displayName\": \"$$6D8C0C09K894DA4663SB614ECBB3135CE768\",\n    \"group\": \"$$8E805C42KAAEBA4E2ASAFEBE14638DCA0760\",\n    \"subGroup\": \"$$9D7B8871KE8A7A410ES8CA3EA1F415A8BEA7\",\n    \"defaultValue\": { \"numberDomain\": GS.CONST.DEFAULT_DOMAIN, \"number\": 0, \"color\": { \"red\": 255, \"green\": 255, \"blue\": 255, \"alpha\": 255 }, \"duration\": 0, \"waitForCompletion\": 0 },\n    \"quickItems\": [\n        GSQ.CONTROLS.GRAPHIC_OBJECT_NUMBER,\n        GSQ.CONTROLS.COLOR,\n        GSQ.CONTROLS.DURATION, GSQ.CONTROLS.WAIT_FOR_COMPLETION\n    ],\n    \"sections\": [\n    ]\n}","name":"Flash Picture","type":"event_command","parentId":"0FEBB76EK401BA41A4S99B1E2346601143E2","order":6},"summary":["name","type"]}