{"uid":"1F14B8CE1F4F7943D099BD50D112BBB61A41","isLoaded":true,"lastModificationTime":0,"items":{"name":"ScaredBlush","type":"data_record","order":11,"parentId":"A6B5C27139C7074A5F493090AC98EF6558FC","category":"characterExpressions","data":{"name":"ScaredBlush","index":"1F14B8CE1F4F7943D099BD50D112BBB61A41","idleTime":{"start":0,"end":0},"idleSpeed":100,"idle":[{"resource":{"name":"JaneDate_ScaredBlush"}}],"talking":[]},"id":"1F14B8CE1F4F7943D099BD50D112BBB61A41"},"summary":["name","type","order"]}