{"uid":"22AE430173A103486D69EC33037E1CB434F2","isLoaded":true,"lastModificationTime":0,"items":{"name":"Embarassed","type":"data_record","order":1,"parentId":"0C2BA0DF3E0A0049531B2441A73B2752FA73","category":"characterExpressions","data":{"name":"Embarassed","index":"22AE430173A103486D69EC33037E1CB434F2","idleTime":{"start":0,"end":0},"idleSpeed":100,"idle":[{"resource":{"name":"SamGlassesUniform_Embarassed"}}],"talking":[]},"id":"22AE430173A103486D69EC33037E1CB434F2"},"summary":["name","type","order"]}