{"uid":"269CE78C4651A443D57B3F19A656A82AB86B","isLoaded":true,"lastModificationTime":0,"items":{"id":"gs.SaveGame","displayName":"$$6C1F3249569DE742EE5A12939DEA1B491108","group":"$$C1953650K4FD7A4268SB298E0BEFC554D88E","subGroup":"$$10532DB34986144EED48AC058CB1D33B179B","defaultValue":{"slot":1,"thumbWidth":0,"thumbHeight":0},"quickItems":[{"label":"$$6DC6A24F7D07E54CD559E64133BD37485579","identifier":"slot","variableButton":{"dataSource":"numbers"},"type":"GSQStepper","attribute":"slot","minimum":1,"maximum":999999999},{"type":"GSQStepper","variableButton":{"dataSource":"numbers "},"label":"$$27BFCDE278D1A84A31688DC79BEC7585E6E0","valueFormula":"return p.thumbWidth == 0 ? lcs('3CB124F3KFE8DA4EC8SB3ADED03F6CA18763') : p.thumbWidth","attribute":"thumbWidth","maximum":999999999,"minimum":0},{"type":"GSQStepper","variableButton":{"dataSource":"numbers "},"label":"$$38A570AE23F865440F5BF8B6BAA24A252CEB","valueFormula":"return p.thumbHeight == 0 ? lcs('3CB124F3KFE8DA4EC8SB3ADED03F6CA18763') : p.thumbHeight","attribute":"thumbHeight","maximum":999999999,"minimum":0}],"rawContent":"{\n    \"id\": \"gs.SaveGame\",\n    \"displayName\": \"$$6C1F3249569DE742EE5A12939DEA1B491108\",\n    \"group\": \"$$C1953650K4FD7A4268SB298E0BEFC554D88E\",\n    \"subGroup\": \"$$10532DB34986144EED48AC058CB1D33B179B\",\n    \"defaultValue\": { \"slot\": 1, \"thumbWidth\": 0, \"thumbHeight\": 0 },\n    \"quickItems\": [\n        {\n            \"label\": \"$$6DC6A24F7D07E54CD559E64133BD37485579\",\n            \"identifier\": \"slot\",\n            \"variableButton\": { \"dataSource\": \"numbers\" },\n            \"type\": \"GSQStepper\",\n            \"attribute\": \"slot\",\n            \"minimum\": 1,\n            \"maximum\": GS.CONST.MAX_NUMBER_VALUE\n        },\n        {\n            \"type\": \"GSQStepper\",\n            \"variableButton\": { \"dataSource\": \"numbers \"},\n            \"label\": \"$$27BFCDE278D1A84A31688DC79BEC7585E6E0\",\n            \"valueFormula\": \"return p.thumbWidth == 0 ? lcs('3CB124F3KFE8DA4EC8SB3ADED03F6CA18763') : p.thumbWidth\",\n            \"attribute\": \"thumbWidth\",\n            \"maximum\": GS.CONST.MAX_NUMBER_VALUE,\n            \"minimum\": 0\n        },\n        {\n            \"type\": \"GSQStepper\",\n            \"variableButton\": { \"dataSource\": \"numbers \"},\n            \"label\": \"$$38A570AE23F865440F5BF8B6BAA24A252CEB\",\n            \"valueFormula\": \"return p.thumbHeight == 0 ? lcs('3CB124F3KFE8DA4EC8SB3ADED03F6CA18763') : p.thumbHeight\",\n            \"attribute\": \"thumbHeight\",\n            \"maximum\": GS.CONST.MAX_NUMBER_VALUE,\n            \"minimum\": 0\n        }\n    ]\n}","name":"Save Game","type":"event_command","parentId":"CCC1D58AKA96AA4B0ESA33CE6CCC06CB5662","order":18},"summary":["name","type","order"]}