{
    "uid": "286AC4F92011F1430C8818F8B92C4085E23D",
    "isLoaded": true,
    "lastModificationTime": 0,
    "items": {
        "name": "Layout_WebStart",
        "type": "game_script",
        "order": 1,
        "parentId": "A588F305KAB2DA4236SB838E7FF9BBA890FD",
        "folder": false,
        "scriptType": 0,
        "content": "ui.UiFactory.layouts.webStartLayout = {\n    \"type\": \"ui.FreeLayout\",\n    \"frame\": [0, 0, Graphics.width, Graphics.height],\n    \"component\": { \"className\": \"Component_WebStartBehavior\" },\n    \"controls\": [\n        {\n            \"type\": \"ui.Image\",\n            \"frame\": [0, 0, Graphics.width, Graphics.height],\n            \"image\": \"web-start-screen\"\n        }\n    ]\n}",
        "compiledContent": "// Generated by CoffeeScript 1.12.7\n(function() {\n  ui.UiFactory.layouts.webStartLayout = {\n    \"type\": \"ui.FreeLayout\",\n    \"frame\": [0, 0, Graphics.width, Graphics.height],\n    \"component\": {\n      \"className\": \"Component_WebStartBehavior\"\n    },\n    \"controls\": [\n      {\n        \"type\": \"ui.Image\",\n        \"frame\": [0, 0, Graphics.width, Graphics.height],\n        \"image\": \"web-start-screen\"\n      }\n    ]\n  };\n\n}).call(this);\n"
    },
    "summary": [
        "name",
        "type"
    ],
    "externalItems": []
}