{"uid":"2B481F868E61B04EBF8AC233D522D7F29B75","isLoaded":true,"lastModificationTime":0,"items":{"windowTitle":"$$0DA0012889AE914F135A263579E4D8EAF57E","windowSize":{"w":400},"sections":[{"name":"Time","noBorder":true,"layout":{"type":"dynamicGrid","fixedRowHeight":true},"column":0,"items":[{"type":"GSLabel","text":"$$P119","toolTip":"$$D086F69CK2E31A4A73S96F3E73722D94043A","group":"labels","frame":[0,0]},{"type":"GSTextField","defaultValue":"","attribute":"name","toolTip":"$$D086F69CK2E31A4A73S96F3E73722D94043A","frame":[1,0]},{"type":"GSLabel","text":"$$48C87A8F4A92D44CCE1B50A5DC5E3E782944","frame":[0,1]},{"type":"GSTextField","multiline":true,"defaultValue":"","attribute":"script","frame":[0,2,-1,150]}]}],"rawContent":"{\n    \"windowTitle\": \"$$0DA0012889AE914F135A263579E4D8EAF57E\",\n    \"windowSize\": {\n        \"w\": 400\n    },\n    \"sections\": [\n        {\n            \"name\": \"Time\",\n            \"noBorder\": true,\n            \"layout\": {\n                \"type\": \"dynamicGrid\",\n                \"fixedRowHeight\": true\n            },\n            \"column\": 0,\n            \"items\": [\n                {\n                    \"type\": \"GSLabel\",\n                    \"text\": \"$$P119\",\n                    \"toolTip\": \"$$D086F69CK2E31A4A73S96F3E73722D94043A\",\n                    \"group\": \"labels\",\n                    \"frame\": [0, 0]\n                },\n                {\n                    \"type\": \"GSTextField\",\n                    \"defaultValue\": \"\",\n                    \"attribute\": \"name\",\n                    \"toolTip\": \"$$D086F69CK2E31A4A73S96F3E73722D94043A\",\n                    \"frame\": [1, 0]\n                },\n                {\n                    \"type\": \"GSLabel\",\n                    \"text\": \"$$48C87A8F4A92D44CCE1B50A5DC5E3E782944\",\n                    \"frame\": [0, 1]\n                },\n                {\n                    \"type\": \"GSTextField\",\n                    \"multiline\": true,\n                    \"defaultValue\": \"\",\n                    \"attribute\": \"script\",\n                    \"frame\": [0, 2, -1, 150]\n                }\n            ]\n        }\n    ]\n}","name":"Predefined Position Window","type":"custom_view","parentId":"AC1ABDCBK050BA4863S9964E3DC378247DAD","order":40},"summary":["name","type"]}