{"uid":"2C275D7A83BA594AB27BA4E1E98869EA3E75","isLoaded":true,"lastModificationTime":0,"items":{"id":"gs.PrepareSaveGame","displayName":"$$D4D6CF4B67CE674BD75BCD210FF72851E657","group":"$$C1953650K4FD7A4268SB298E0BEFC554D88E","defaultValue":{"snapshot":1},"subGroup":"$$10532DB34986144EED48AC058CB1D33B179B","quickItems":[{"label":"$$336A741F4BF10746214BADF05F2642357B67","type":"GSQCheckBox","lockable":false,"attribute":"snapshot","identifier":"snapshot","enableItems":null,"valueFormula":"return GS.CONST.YES_NO[p.snapshot]"}],"rawContent":"{\n    \"id\": \"gs.PrepareSaveGame\",\n    \"displayName\": \"$$D4D6CF4B67CE674BD75BCD210FF72851E657\",\n    \"group\": \"$$C1953650K4FD7A4268SB298E0BEFC554D88E\",\n    \"defaultValue\": { \"snapshot\": 1 },\n    \"subGroup\": \"$$10532DB34986144EED48AC058CB1D33B179B\",\n    \"quickItems\": [\n        GSQ.CONTROLS.CHECK_BOX(\"$$336A741F4BF10746214BADF05F2642357B67\", \"snapshot\", null, false),\n        \n    ]\n}","name":"Prepare Save Game","type":"event_command","parentId":"CCC1D58AKA96AA4B0ESA33CE6CCC06CB5662","order":17},"summary":["name","type","order"]}