{"uid":"36CEB14750CF09480C0949F4CA97A77B8333","isLoaded":true,"lastModificationTime":0,"items":{"name":"EmbarassedBlush","type":"data_record","order":3,"parentId":"0A60C4A848E55249D568BAD26838690DB827","category":"characterExpressions","data":{"name":"EmbarassedBlush","index":"36CEB14750CF09480C0949F4CA97A77B8333","idleTime":{"start":0,"end":0},"idleSpeed":100,"idle":[{"resource":{"name":"JaneUniform_EmbarassedBlush"}}],"talking":[]},"id":"36CEB14750CF09480C0949F4CA97A77B8333"},"summary":["name","type","order"]}