{"uid":"39D7AAA4K84BEA4B4AS8CDDE47A0E4091E5D","isLoaded":true,"lastModificationTime":0,"items":{"parentId":"0FEBB76EK401BA41A4S99B1E2346601143E2","displayName":"$$E038127915B789437F7AE023918F41124F3C","windowTitle":"$$3FA17C62K182DA4AC9S9A26E7F594431DDD9","type":"event_command","title":"$$P22","id":"gs.EraseHotspot","group":"$$8E805C42KAAEBA4E2ASAFEBE14638DCA0760","subGroup":"$$AEB0463C403244454D5838451B328881EFFA","windowSize":{"w":400},"nodes":[{"name":"return GS.ECH.textForErasePicture(p);","id":"gs.ErasePicture"}],"defaultValue":{"numberDomain":"com.degica.vnm.default","number":0},"quickItems":[{"label":"$$C287D490K9B01A4407SA616EF2726CA43B52","identifier":"number","variableButton":{"dataSource":"numbers"},"domainButton":true,"type":"GSQStepper","attribute":"number","minimum":0,"maximum":999999999}],"sections":[],"rawContent":"{\n    \"parentId\": \"AFAD6CEFK59C1A4298SBABFE7AEC1B964622\",\n    \"displayName\": \"$$E038127915B789437F7AE023918F41124F3C\",\n    \"windowTitle\": \"$$3FA17C62K182DA4AC9S9A26E7F594431DDD9\",\n    \"type\": \"event_command\",\n    \"title\": \"$$P22\",\n    \"id\": \"gs.EraseHotspot\",\n    \"group\": \"$$8E805C42KAAEBA4E2ASAFEBE14638DCA0760\",\n    \"subGroup\": \"$$AEB0463C403244454D5838451B328881EFFA\",\n    \"windowSize\": {\n        \"w\": 400\n    },\n    \"nodes\": [\n        {\n            \"name\": \"return GS.ECH.textForErasePicture(p);\",\n            \"id\": \"gs.ErasePicture\"\n        }\n    ],\n    \"defaultValue\": { \"numberDomain\": GS.CONST.DEFAULT_DOMAIN, \"number\": 0 },\n    \"quickItems\": [\n        GSQ.CONTROLS.GRAPHIC_OBJECT_NUMBER\n    ],\n    \"sections\": [\n    ]\n}","name":"Erase Hotspot","order":17},"summary":["name","type"]}