{
    "uid": "3D974630722C354C1A4BFF13774851FF93A0",
    "isLoaded": true,
    "lastModificationTime": 0,
    "items": {
        "name": "Layout_CGGalleryEntry",
        "type": "game_script",
        "order": 11,
        "parentId": "A588F305KAB2DA4236SB838E7FF9BBA890FD",
        "folder": false,
        "content": "ui.UiFactory.layouts.cgGalleryImageLayout = {\n    \"type\": \"ui.FreeLayout\",\n    \"orientation\": \"vertical\",\n    \"preload\": {\n        \"graphics\": [\n            { \"path\": ($ -> [$tempFields.selectedImage]), \"image\": ($ -> o)},\n            { \"path\": [\"locked\"], \"image\": ($ -> o)}\n        ]\n    },\n    \"frame\": [0, 0, Graphics.width, Graphics.height],\n    \"controls\": [\n        {\n            \"type\": \"ui.Image\",\n            \"frame\": [0, 0],\n            \"formulas\": [$ -> o.image = $tempFields.selectedImage],\n            \"action\": { \"name\": \"executeFormulas\", \"params\": [$ -> $backButton.visible = !$backButton.visible] }\n        },\n        {\n            \"type\": \"ui.Button\",\n            \"id\": \"backButton\",\n            \"params\": { \"text\": { \"lcId\": \"B0FD4BF121D9E44E7589CDD35869F86F2227\", \"defaultText\": \"Back\" }, \"action\": { \"name\": \"previousLayout\" } },\n            \"frame\": [Graphics.width - 170, Graphics.height - 65, 150, 45],\n            \"order\": 1\n        }\n    ]\n}",
        "compiledContent": "// Generated by CoffeeScript 1.12.7\n(function() {\n  ui.UiFactory.layouts.cgGalleryImageLayout = {\n    \"type\": \"ui.FreeLayout\",\n    \"orientation\": \"vertical\",\n    \"preload\": {\n      \"graphics\": [\n        {\n          \"path\": $(function() {\n            return [$tempFields.selectedImage];\n          }),\n          \"image\": $(function() {\n            return o;\n          })\n        }, {\n          \"path\": [\"locked\"],\n          \"image\": $(function() {\n            return o;\n          })\n        }\n      ]\n    },\n    \"frame\": [0, 0, Graphics.width, Graphics.height],\n    \"controls\": [\n      {\n        \"type\": \"ui.Image\",\n        \"frame\": [0, 0],\n        \"formulas\": [\n          $(function() {\n            return o.image = $tempFields.selectedImage;\n          })\n        ],\n        \"action\": {\n          \"name\": \"executeFormulas\",\n          \"params\": [\n            $(function() {\n              return $backButton.visible = !$backButton.visible;\n            })\n          ]\n        }\n      }, {\n        \"type\": \"ui.Button\",\n        \"id\": \"backButton\",\n        \"params\": {\n          \"text\": {\n            \"lcId\": \"B0FD4BF121D9E44E7589CDD35869F86F2227\",\n            \"defaultText\": \"Back\"\n          },\n          \"action\": {\n            \"name\": \"previousLayout\"\n          }\n        },\n        \"frame\": [Graphics.width - 170, Graphics.height - 65, 150, 45],\n        \"order\": 1\n      }\n    ]\n  };\n\n}).call(this);\n"
    },
    "summary": [
        "name",
        "type"
    ],
    "externalItems": []
}