{"uid":"3F5CAC9F10FD3241DA3B8D591AE044625D7D","isLoaded":true,"lastModificationTime":0,"items":{"name":"NormalBlush","type":"data_record","order":5,"parentId":"B9EFFCFE3822E74A346ACAA2D9EBBB33AA75","category":"characterExpressions","data":{"name":"NormalBlush","index":"3F5CAC9F10FD3241DA3B8D591AE044625D7D","idleTime":{"start":0,"end":0},"idleSpeed":100,"idle":[{"resource":{"name":"Jeremy_NormalBlush"}}],"talking":[]},"id":"3F5CAC9F10FD3241DA3B8D591AE044625D7D"},"summary":["name","type","order"]}