{
    "uid": "40133382KC7B4A4C97S81F0E7D539A513261",
    "isLoaded": true,
    "lastModificationTime": 1422800842241,
    "items": {
        "name": "Message Caret",
        "type": "data_record",
        "order": 0,
        "category": "animations",
        "data": {
            "frameRange": {
                "start": 1,
                "end": 30
            },
            "name": "Message Caret",
            "graphic": {
                "name": "message_caret",
                "hue": 0,
                "opacity": 255,
                "blending": 0,
                "tone": {
                    "red": 0,
                    "green": 0,
                    "blue": 0
                }
            },
            "framesX": 30,
            "framesY": 1,
            "useRepetitionFrameRange": false,
            "duration": 60,
            "repeat": true,
            "index": "40133382KC7B4A4C97S81F0E7D539A513261"
        },
        "id": "40133382KC7B4A4C97S81F0E7D539A513261",
        "parentId": "ROOT",
        "localizableStrings": {}
    },
    "summary": [
        "name",
        "type",
        "order"
    ],
    "externalItems": []
}