{
    "uid": "40E381FDKFF9EA4536S8826E2443B9C16FC0",
    "isLoaded": true,
    "lastModificationTime": 0,
    "items": {
        "name": "Template_OptionButtonSet",
        "type": "game_script",
        "order": 4,
        "parentId": "2A0E8A67K5BAAA4D7AS9017ED220E9EFFCA7",
        "folder": false,
        "content": "ui.UiFactory.customTypes[\"ui.OptionButtonSet\"] = {\n    \"type\": \"ui.StackLayout\",\n    \"sizeToFit\": true,\n    \"controls\": [\n        {\n            \"type\": \"ui.OptionButton\",\n            \"params\": { \n                \"label\": (-> p.offLabel), \n                \"action\": (-> p.offAction), \n                \"read\": ($ (-> !@data.exec()), (-> p.read)),\n                \"write\": ($ ((v) -> @data.exec(!v)), (-> p.write)),\n                \"group\": (-> p.group)\n            },\n            \"margin\": [0, 0, 0, 0]\n        },\n        {\n            \"type\": \"ui.OptionButton\",\n            \"params\": { \n                \"label\": (-> p.onLabel), \n                \"action\": (-> p.onAction), \n                \"read\": ($ (-> @data.exec()), (-> p.read)),\n                \"write\": ($ ((v) -> @data.exec(v)), (-> p.write)),\n                \"group\": (-> p.group)\n            }\n        }\n    ]\n}",
        "compiledContent": "// Generated by CoffeeScript 1.12.7\n(function() {\n  ui.UiFactory.customTypes[\"ui.OptionButtonSet\"] = {\n    \"type\": \"ui.StackLayout\",\n    \"sizeToFit\": true,\n    \"controls\": [\n      {\n        \"type\": \"ui.OptionButton\",\n        \"params\": {\n          \"label\": (function() {\n            return p.offLabel;\n          }),\n          \"action\": (function() {\n            return p.offAction;\n          }),\n          \"read\": $((function() {\n            return !this.data.exec();\n          }), (function() {\n            return p.read;\n          })),\n          \"write\": $((function(v) {\n            return this.data.exec(!v);\n          }), (function() {\n            return p.write;\n          })),\n          \"group\": (function() {\n            return p.group;\n          })\n        },\n        \"margin\": [0, 0, 0, 0]\n      }, {\n        \"type\": \"ui.OptionButton\",\n        \"params\": {\n          \"label\": (function() {\n            return p.onLabel;\n          }),\n          \"action\": (function() {\n            return p.onAction;\n          }),\n          \"read\": $((function() {\n            return this.data.exec();\n          }), (function() {\n            return p.read;\n          })),\n          \"write\": $((function(v) {\n            return this.data.exec(v);\n          }), (function() {\n            return p.write;\n          })),\n          \"group\": (function() {\n            return p.group;\n          })\n        }\n      }\n    ]\n  };\n\n}).call(this);\n"
    },
    "summary": [
        "name",
        "type",
        "order"
    ],
    "externalItems": []
}