{"uid":"411F0100K70CBA4D74S9182EB6723B90632E","isLoaded":true,"lastModificationTime":0,"items":{"name":"Custom Texts","type":"custom_strings_bundle","localizableStrings":{"4FE8B0BD58FD914BFA8824E07226FB7F7974":{"t":"New Game","d":{"inf":"Title Screen"}},"5DC22AD29AE4C84F4979470215C2383A0620":{"t":"Gallery","d":{"inf":"Title Screen"}},"0B92E27C6AAE1648AF1B28B2E938923EDDD7":{"t":"Load Game","d":{"inf":"Title Screen"}},"D77D7952535CB1422759B668DBFB3C4FD441":{"t":"Settings","d":{"inf":"Title Screen"}},"377A3D6B2286414CAB8AAA93605A675D3AD6":{"t":"Quit","d":{"inf":"Title Screen"}},"149D0E4B8AF8574E5A8BF574FD9A9590B69A":{"t":"General","d":{"inf":"Settings Category"}},"6683560332F9274AEE1B5D96FCA020F57DDE":{"t":"Message","d":{"inf":"Settings Category"}},"92FDB732611153400B595AD7D92206CDC592":{"t":"Audio","d":{"inf":"Settings Category"}},"B0FD4BF121D9E44E7589CDD35869F86F2227":{"t":"Back","d":{"inf":"General Back-Button"}},"2BB9D02557CFE84BAE8B7401501783BA6FBF":{"t":"Display Mode","d":{"inf":"General Settings"}},"C5BB4D477FDFE54D2B5A0473BEC61239C219":{"t":"Windowed","d":{"inf":"General Settings"}},"06C8957A5B6A0949DD28B96486586E93FCD4":{"t":"Fullscreen","d":{"inf":"General Settings"}},"1C7C50BC434287404B392232B960C5701039":{"t":"Screen Adjustment","d":{"inf":"General Settings"}},"A583EEF38BB725426A6AB8965DCCDDED2982":{"t":"Ratio","d":{"inf":"General Settings"}},"4F0DB69F055E3742208BE803F70C506572A3":{"t":"Confirmation","d":{"inf":"General Settings"}},"DB87E66F8299B549E56B2F048040DA406BCC":{"t":"On","d":{"inf":"General"}},"2D23328A3B4F80462E7AB2F8CD3996B20665":{"t":"Off","d":{"inf":"General"}},"4D3EC62F007AF64B0C68E8081C003D041370":{"t":"General Settings","d":{"inf":"General Settings"}},"4272A0BC5880A64DA49AEBD4D60905347726":{"t":"Reset Global Data","d":{"inf":"General Settings"}},"B5E0981F6D6A9240653B23A0D09B3383048E":{"t":"Message Settings","d":{"inf":"Message Settings"}},"179347604CAF0640628824725774FFBD07B6":{"t":"Message Speed","d":{"inf":"Message Settings"}},"41A878A74A390447FB9AB956122AD13373D1":{"t":"Slowest","d":{"inf":"Message Settings"}},"3D840F7D30D472419059F342ACF0C846B0ED":{"t":"Slow","d":{"inf":"Message Settings"}},"12C3DA314B22614AC67890D37019784EDFA9":{"t":"Normal","d":{"inf":"Message Settings"}},"889AFB7C545AE8477889E11480BE6871ECA1":{"t":"Fast","d":{"inf":"Message Settings"}},"DE5E3CF01CDA784C378B428533F4D6E03C96":{"t":"Fastest","d":{"inf":"Message Settings"}},"ED439B0C58174541F17B79280D5763C674AB":{"t":"Auto-Message","d":{"inf":"Message Settings"}},"D073E5F78F4FF8423249BBC5E61064361B09":{"t":"Auto-Message Duration","d":{"inf":"Message Settings"}},"4FE0B4B30E8789487D7B88D2839ECBCE5C70":{"t":"1 Second","d":{"inf":"Message Settings"}},"1C20A916753BC840952864867489B576DBD5":{"t":"2 Seconds","d":{"inf":"Message Settings"}},"FBF01A7B3C1BB2489F2B2D0581A257A102E6":{"t":"3 Seconds","d":{"inf":"Message Settings"}},"DE0D08A67E84B1476E4A1B604CB64E4BC942":{"t":"4 Seconds","d":{"inf":"Message Settings"}},"964CF20A55D2F3404B389B67AAF1CDA51656":{"t":"5 Seconds","d":{"inf":"Message Settings"}},"994D4B5C1BFA5445385B8AE32706997132F1":{"t":"Wait for Voice","d":{"inf":"Message Settings"}},"BF3E948519A9084E721AF585C8C7D51235A7":{"t":"Stop on Click","d":{"inf":"Message Settings"}},"3538F7E582FC20467E7947F77FB45789115E":{"t":"Time Message to Voice","d":{"inf":"Message Settings"}},"0B7D6CF76F833444EF39BBC8B590114C97A4":{"t":"Skip","d":{"inf":"Message Settings"}},"C138CE3C9564C54707492AA264690B5BBB90":{"t":"Videos","d":{"inf":"Message Settings"}},"E4A4BA053854774F582852D558E4E5C23AC5":{"t":"Voices","d":{"inf":"Message Settings"}},"469C50C92465724C9F48BD86BB799E781F3C":{"t":"Unread","d":{"inf":"Message Settings"}},"F84B92944EA3354A49184BF155F42220FE9B":{"t":"Choices","d":{"inf":"Message Settings"}},"9EDC6A1760DE464C3469A5B77772305ACB56":{"t":"Audio Settings","d":{"inf":"Audio Settings"}},"26260DB310D5D540721AF635B495750C03A5":{"t":"Audio","d":{"inf":"Audio Settings"}},"DBE389A484EE65464E583082C1A3A9410B6C":{"t":"Music","d":{"inf":"Audio Settings"}},"64F490CD4547394ADA4B4D67693D24289F4B":{"t":"Sound Effects","d":{"inf":"Audio Settings"}},"4BA0665E3B4D05412D4B81373A88DB3543EB":{"t":"Voice","d":{"inf":"Audio Settings"}},"DD4C5C8987E8B7493A2B4139B342CA461DC9":{"t":"Voices","d":{"inf":"Audio Settings"}},"A80D12A37EE45448BD2A2695D7C86820AB03":{"t":"Gallery","d":{"inf":"CG Gallery"}},"B215F6EB2576884547399CC0CF2F38E855FD":{"t":"Load Game","d":{"inf":"Load/Save Menu"}},"17B8950C477FA042C418D7A591445017623C":{"t":"Save Game","d":{"inf":"Load/Save Menu"}},"8E38A9D614390348151B45B694031841EED2":{"t":"New File","d":{"inf":"Load/Save Menu"}},"2BD08CC65B9A2248C749B9C4DEEAADE8E20A":{"t":"Do you really want to load?","d":{"inf":"Load/Save Menu"}},"FC0009F469943746CB8B56E9DB5D0167E780":{"t":"Yes","d":{"inf":"General"}},"9A0CF5736CCFD24B94787354C578BE488209":{"t":"No","d":{"inf":"General"}},"3A58B0DB84DB0549FD09EDF6F0FF0730D8DE":{"t":"Skip","d":{"inf":"Message Box"}},"BF92F3296C66164227197FB3BF1E1B09E0D8":{"t":"Log","d":{"inf":"Message Box"}},"5316D6C90CB9924AE64A39889235D22D5FEE":{"t":"Save","d":{"inf":"Message Box"}},"9622E9805409534DB8381610238C95564F30":{"t":"Load","d":{"inf":"Message Box"}},"D2632CD54402D8462F597DD75E51050ED0C3":{"t":"Title","d":{"inf":"Message Box"}},"ABC85CC3669B83481309BDF44B98EF11B59B":{"t":"Do you really want to exit?","d":{"inf":"Message Box"}},"33B51B1130853144E4888263A53B022C4ADB":{"t":"Stretch","d":{"inf":"General Settings"}},"92D58F0C1B58A94ADF791B81E9479CF2A27D":{"t":"Do you really want to reset global data?","d":{"inf":"General Settings"}},"A6EE5D6732DD454DDE988B569929C5F2DA62":{"t":"Back to Title","d":{"inf":"Settings Category"}},"6034F507119F74486839FA5697AB539296A0":{"t":"\"name\": \"Rubik-Regular\", ","d":{"inf":""}}}},"summary":["name","type"]}