{"uid":"420234EA4AEEC546E31B7C03E2195A8F690D","isLoaded":true,"lastModificationTime":0,"items":{"windowTitle":"Build Configuration","type":"custom_view","windowSize":{"w":400},"sections":[{"name":"","noBorder":true,"items":[{"type":"GSLabel","text":"$$P119","group":"labels","frame":[0,0]},{"type":"GSTextField","attribute":"name","frame":[1,0]},{"type":"GSLabel","text":"$$B2B4D2037106F84DE019BA4236C54964BA53","frame":[0,1]},{"type":"GSTable","attribute":"phases","identifier":"phases","emptyItem":true,"border":true,"dialog":{"uid":"82487C7C299F124DAB2B7365A07322AB3DDD"},"contextMenu":[{"name":"Add Phase","selector":"addItemUsingDialog"},{"separator":true},{"name":"$$P71","selector":"cutItem:"},{"name":"$$P72","selector":"copyItem:"},{"name":"$$P73","selector":"pasteItem:"},{"name":"$$P49","selector":"deleteItem:"}],"columns":[{"identifier":"name","attribute":"name","text":"$$P55","width":125,"content":"return d.name"},{"identifier":"commandLine","attribute":"commandLine","text":"$$ED70F8A61519E44EC148CFE3D89FB09521F9","width":50,"content":"return d.commandLine"}],"frame":[0,2,-1,150]}]}],"rawContent":"{\n    \"windowTitle\": \"Build Configuration\",\n    \"type\": \"custom_view\",\n    \"windowSize\": {\n        \"w\": 400\n    },\n    \"sections\": [\n        {\n            \"name\": \"\",\n            \"noBorder\": true,\n            \"items\": [\n                {\n                    \"type\": \"GSLabel\",\n                    \"text\": \"$$P119\",\n                    \"group\": \"labels\",\n                    \"frame\": [0, 0]\n                },\n                {\n                    \"type\": \"GSTextField\",\n                    \"attribute\": \"name\",\n                    \"frame\": [1, 0]\n                },\n                {\n                    \"type\": \"GSLabel\",\n                    \"text\": \"$$B2B4D2037106F84DE019BA4236C54964BA53\",\n                    \"frame\": [0, 1]\n                },\n                {\n                    \"type\": \"GSTable\",\n                    \"attribute\": \"phases\",\n                    \"identifier\": \"phases\",\n                    \"emptyItem\": true,\n                    \"border\": true,\n                    \"dialog\": {\n                        \"uid\": \"82487C7C299F124DAB2B7365A07322AB3DDD\"\n                    },\n                    \"contextMenu\": GS.UI.CREATE_TABLE_CONTEXT_MENU(\"Add Phase\"),\n                    \"columns\": [\n                        {\n                            \"identifier\": \"name\",\n                            \"attribute\": \"name\",\n                            \"text\": \"$$P55\",\n                            \"width\": 125,\n                            \"content\": \"return d.name\"\n                        },\n                        {\n                            \"identifier\": \"commandLine\",\n                            \"attribute\": \"commandLine\",\n                            \"text\": \"$$ED70F8A61519E44EC148CFE3D89FB09521F9\",\n                            \"width\": 50,\n                            \"content\": \"return d.commandLine\"\n                        }\n                    ],\n                    \"frame\": [0, 2, -1, 150]\n                }\n            ]\n        }\n    ]\n}","name":"Build Configuration Window","parentId":"AC1ABDCBK050BA4863S9964E3DC378247DAD","order":6},"summary":["name","type"]}