{"uid":"43CD6FEDK835FA406DS8550E52176E0C398F","isLoaded":true,"lastModificationTime":0,"items":{"windowTitle":"$$465CABD91101F14F1B6AF694AD253C001742","type":"custom_view","windowSize":{"w":500},"sections":[{"name":"Time","noBorder":true,"layout":{"type":"dynamicGrid","fixedRowHeight":true},"column":0,"items":[{"type":"GSLabel","text":"$$859845ECK6899A4EDFS8D6EE1D8BB4C283FF","toolTip":"$$D086F69CK2E31A4A73S96F3E73722D94043A","frame":[0,0,40,-1]},{"type":"GSStepper","attribute":"time","defaultValue":0,"minimum":0,"maximum":999999999,"toolTip":"$$D086F69CK2E31A4A73S96F3E73722D94043A","valueTranslator":{"write":"return (v||0) / 1000 * GS.CONST.GAME_FRAME_RATE","read":"return ROUND((v||0) / GS.CONST.GAME_FRAME_RATE * 1000)"},"frame":[1,0,80,-1]},{"type":"GSLabel","text":"$$0C0FFFB48D0001433E7A4057070263A79F59","toolTip":"$$D086F69CK2E31A4A73S96F3E73722D94043A","frame":[2,0,40,-1]},{"type":"GSLabel","text":"$$BE104994K3E0CA4479SA955E45C39D125CC5","toolTip":"$$3E003AE1K5374A4117SBE07E938FEE1C54D3","frame":[3,0,60,-1]},{"type":"GSResourcePopupField","folder":"Audio/Sounds","identifier":"resource","resourceType":"audio","attribute":"sound","delegates":[{"identifiers":["positionView"],"selector":"setBackground:resource:"}],"frame":[4,0]}]}],"rawContent":"{\n    \"windowTitle\": \"$$465CABD91101F14F1B6AF694AD253C001742\",\n    \"type\": \"custom_view\",\n    \"windowSize\": {\n        \"w\": 500\n    },\n    \"sections\": [\n        {\n            \"name\": \"Time\",\n            \"noBorder\": true,\n            \"layout\": {\n                \"type\": \"dynamicGrid\",\n                \"fixedRowHeight\": true\n            },\n            \"column\": 0,\n            \"items\": [\n                {\n                    \"type\": \"GSLabel\",\n                    \"text\": \"$$859845ECK6899A4EDFS8D6EE1D8BB4C283FF\",\n                    \"toolTip\": \"$$D086F69CK2E31A4A73S96F3E73722D94043A\",\n                    \"frame\": [\n                        0,\n                        0,\n                        40,\n                        -1\n                    ]\n                },\n                {\n                    \"type\": \"GSStepper\",\n                    \"attribute\": \"time\",\n                    \"defaultValue\": 0,\n                    \"minimum\": 0,\n                    \"maximum\": GS.CONST.MAX_NUMBER_VALUE,\n                    \"toolTip\": \"$$D086F69CK2E31A4A73S96F3E73722D94043A\",\n                    \"valueTranslator\": GSO.HELPERS.TIME_VALUE_TRANSLATOR(),\n                    \"frame\": [\n                        1,\n                        0,\n                        80,\n                        -1\n                    ]\n                },\n                {\n                    \"type\": \"GSLabel\",\n                    \"text\": \"$$0C0FFFB48D0001433E7A4057070263A79F59\",\n                    \"toolTip\": \"$$D086F69CK2E31A4A73S96F3E73722D94043A\",\n                    \"frame\": [\n                        2,\n                        0,\n                        40,\n                        -1\n                    ]\n                },\n                {\n                    \"type\": \"GSLabel\",\n                    \"text\": \"$$BE104994K3E0CA4479SA955E45C39D125CC5\",\n                    \"toolTip\": \"$$3E003AE1K5374A4117SBE07E938FEE1C54D3\",\n                    \"frame\": [\n                        3,\n                        0,\n                        60,\n                        -1\n                    ]\n                },\n                {\n                    \"type\": \"GSResourcePopupField\",\n                    \"folder\": \"Audio/Sounds\",\n                    \"identifier\": \"resource\",\n                    \"resourceType\": \"audio\",\n                    \"attribute\": \"sound\",\n                    \"delegates\": [{ \"identifiers\": [\"positionView\"], \"selector\": \"setBackground:resource:\"}],\n                    \"frame\": [4, 0]\n                }\n            ]\n        }\n    ]\n}","name":"Path Effect","parentId":"AC1ABDCBK050BA4863S9964E3DC378247DAD","order":32},"summary":["name","type"]}