{"uid":"455159A6K8276A42E1SAAE9EDFD11385D365","isLoaded":true,"lastModificationTime":0,"items":{"displayName":"$$0BCA298E2450D14D942B87582E0F10A804D8","id":"gs.SavePersistentData","group":"$$C1953650K4FD7A4268SB298E0BEFC554D88E","subGroup":"$$10532DB34986144EED48AC058CB1D33B179B","defaultValue":{},"quickItems":[],"rawContent":"{\n    \"displayName\": \"$$0BCA298E2450D14D942B87582E0F10A804D8\",\n    \"id\": \"gs.SavePersistentData\",\n    \"group\": \"$$C1953650K4FD7A4268SB298E0BEFC554D88E\",\n    \"subGroup\": \"$$10532DB34986144EED48AC058CB1D33B179B\",\n    \"defaultValue\": { },\n    \"quickItems\": [\n    ]\n}","name":"Save Persistent Data","type":"event_command","parentId":"CCC1D58AKA96AA4B0ESA33CE6CCC06CB5662","order":4},"summary":["name","type","order"]}