{"uid":"48DA5C83K6C33A4ABDSAE52E4FB820CC1B00","isLoaded":true,"lastModificationTime":0,"items":{"id":"gs.RefreshText","displayName":"$$68CDFF054F8295432789B5575B5A78ABFF34","group":"$$CEA96B0BK6FBBA416BSB00FEDF96A1248489","defaultValue":{"numberDomain":"com.degica.vnm.default","number":0},"subGroup":"$$9E1A5407531CC141D66911387F0B53C14B4F","quickItems":[{"label":"$$C287D490K9B01A4407SA616EF2726CA43B52","identifier":"number","variableButton":{"dataSource":"numbers"},"domainButton":true,"type":"GSQStepper","attribute":"number","minimum":0,"maximum":999999999}],"rawContent":"{\n    \"id\": \"gs.RefreshText\",\n    \"displayName\": \"$$68CDFF054F8295432789B5575B5A78ABFF34\",\n    \"group\": \"$$CEA96B0BK6FBBA416BSB00FEDF96A1248489\",\n    \"defaultValue\": { \"numberDomain\": GS.CONST.DEFAULT_DOMAIN, \"number\": 0 },\n    \"subGroup\": \"$$9E1A5407531CC141D66911387F0B53C14B4F\",\n    \"quickItems\": [\n        GSQ.CONTROLS.GRAPHIC_OBJECT_NUMBER\n    ]\n}","name":"Refresh Text","type":"event_command","parentId":"B384159EK3827A45E9S93E0E2345AAFC3787","order":8},"summary":["name","type"]}