{
    "uid": "49DC3EE6267197419859C9E4D23776294B50",
    "isLoaded": true,
    "lastModificationTime": 0,
    "items": {
        "name": "Chapter 1",
        "type": "vn.chapter",
        "order": 2,
        "commands": [
            {
                "id": "vn.Chapter",
                "params": {
                    "name": "Chapter 1",
                    "description": ""
                },
                "indent": 0
            }
        ]
    },
    "summary": [
        "name",
        "type",
        "order"
    ]
}