{"uid":"4A7D5EC17353564C3E39DA52EBDE615E4D0B","isLoaded":true,"lastModificationTime":0,"items":{"name":"Emma","type":"data_record","order":4,"category":"characters","id":"4A7D5EC17353564C3E39DA52EBDE615E4D0B","isFolder":false,"parentId":"ROOT","localizableStrings":{"A3534FA379DDC24A5B9A38F5656D3D598BE5":{"t":"","d":null},"CD97E6A953731546B0696415975F69C8EC4F":{"t":"Emma","d":null}},"data":{"name":{"lcId":"CD97E6A953731546B0696415975F69C8EC4F","defaultText":"Emma"},"textColor":{"red":255,"green":255,"blue":255,"alpha":255},"defaultExpressionId":"92A050D98ABB324FE98A55F9A956222A4943","timeTalkingToVoiceVolume":true,"talkingVolume":5,"params":[],"index":"4A7D5EC17353564C3E39DA52EBDE615E4D0B"}},"summary":["name","type","order"]}