{"uid":"4DD9C24B2D3BA847CC7AF8B85B6CFEE4320B","isLoaded":true,"lastModificationTime":0,"items":{"name":"AngryBlush","type":"data_record","order":1,"parentId":"219288664EBFC3403899056383C768AD0901","category":"characterExpressions","data":{"name":"AngryBlush","index":"4DD9C24B2D3BA847CC7AF8B85B6CFEE4320B","idleTime":{"start":0,"end":0},"idleSpeed":100,"idle":[{"resource":{"name":"LucyUniform_AngryBlush"}}],"talking":[]},"id":"4DD9C24B2D3BA847CC7AF8B85B6CFEE4320B"},"summary":["name","type","order"]}