{"uid":"4E9E82F634DE3840EC891A71CA16231363C9","isLoaded":true,"lastModificationTime":0,"items":{"name":"Embarassed","type":"data_record","order":2,"parentId":"819D03C971A3D245989953348D8ED4DDDB92","category":"characterExpressions","data":{"name":"Embarassed","index":"4E9E82F634DE3840EC891A71CA16231363C9","idleTime":{"start":0,"end":0},"idleSpeed":100,"idle":[{"resource":{"name":"WillowYukata_Embarassed"}}],"talking":[]},"id":"4E9E82F634DE3840EC891A71CA16231363C9"},"summary":["name","type","order"]}