{"uid":"523F928D4E5A244034588EF4130E6F50C144","isLoaded":true,"lastModificationTime":0,"items":{"name":"EmbarassedBlush","type":"data_record","order":3,"parentId":"819D03C971A3D245989953348D8ED4DDDB92","category":"characterExpressions","data":{"name":"EmbarassedBlush","index":"523F928D4E5A244034588EF4130E6F50C144","idleTime":{"start":0,"end":0},"idleSpeed":100,"idle":[{"resource":{"name":"WillowYukata_EmbarassedBlush"}}],"talking":[]},"id":"523F928D4E5A244034588EF4130E6F50C144"},"summary":["name","type","order"]}