{"uid":"581C937090508743D12851910B0A1A6C6036","isLoaded":true,"lastModificationTime":0,"items":{"name":"EmbarassedBlush","type":"data_record","order":3,"parentId":"7EB262DA5C8D4242244864881A87D0E00904","category":"characterExpressions","data":{"name":"EmbarassedBlush","index":"581C937090508743D12851910B0A1A6C6036","idleTime":{"start":0,"end":0},"idleSpeed":100,"idle":[{"resource":{"name":"EmmaUniform_EmbarassedBlush"}}],"talking":[]},"id":"581C937090508743D12851910B0A1A6C6036"},"summary":["name","type","order"]}