{"uid":"5ADD87A6I2C56T4800AAA49J5FA3CC89C631","lastModificationTime":1413544094819,"items":{"name":"Old Werewolf Prepare Attack","type":"data_record","category":"simpleAnimations","id":75,"isFolder":false,"data":{"name":"Old Werewolf Prepare Attack","graphic":{"name":"werewolfbattle01","hue":150,"opacity":255,"blending":0,"tone":{"red":0,"green":0,"blue":0,"grey":0}},"framesX":4,"framesY":4,"useFrameRange":true,"useRepetitionFrameRange":false,"position":0,"duration":48,"repeat":false,"effects":[],"index":75,"frameRange":{"start":4,"end":4}},"parentId":"0BEF0B32I580CT465CA9C55J7679EC622928"},"summary":["name","type"]}