{"uid":"5C079A01512B3743D258CDA1897DA16CCF1A","isLoaded":true,"lastModificationTime":0,"items":{"name":"Victor","type":"data_record","order":11,"category":"characters","id":"5C079A01512B3743D258CDA1897DA16CCF1A","isFolder":false,"parentId":"ROOT","localizableStrings":{"8E5CBCB08A8D7744028970545A06985E2DDD":{"t":"","d":null},"F43BC25B712A764D868A3298BE2B0C571927":{"t":"Victor","d":null}},"data":{"name":{"lcId":"F43BC25B712A764D868A3298BE2B0C571927","defaultText":"Victor"},"textColor":{"red":255,"green":255,"blue":255,"alpha":255},"defaultExpressionId":"AF37A5142F72094799882B562A5AB1B29035","timeTalkingToVoiceVolume":true,"talkingVolume":5,"params":[],"index":"5C079A01512B3743D258CDA1897DA16CCF1A"}},"summary":["name","type","order"]}