{"uid":"5CF7F076K8348A4EC6S84F9E9CACCBA5AC09","isLoaded":true,"lastModificationTime":0,"items":{"parentId":"AC1ABDCBK050BA4863S9964E3DC378247DAD","name":"Live2D Position Selection","windowTitle":"Select Position","type":"custom_view","windowSize":{"w":400,"h":400},"bindings":[{"source":"local.data.resource","asDataFromFolder":"Live2D","to":"positionView","target":"model"}],"windowSizeFormula":"var res = GS.GAME.previewResolution(); return { w: res.w +  + GS.CONST.WINDOW_PADDING }","sections":[{"name":"Position","identifier":"positionSection","noBorder":true,"column":0,"items":[{"type":"GSLabel","text":"$$2983646A2E7A344B6429830460A50DA4FB4A","frame":[0,0],"group":"labels"},{"type":"GSResourcePopupField","folder":"Graphics/Backgrounds","identifier":"resource","attribute":"previewBackground","bindings":[{"source":"image","to":"positionView","target":"backgrounds.0"}],"frame":[1,0]},{"type":"GSLabel","text":"$$FBD21B3DK57FEA4AA4SBF2EEA70C92043612","frame":[0,1],"group":"labels"},{"type":"GSStepper","minimum":10,"maximum":1000,"defaultValue":100,"valueTranslator":{"read":"return Math.round(v * 100);","write":"return v / 100;"},"attribute":"position.zoom.d","identifier":"zoom","bindings":[{"source":"value","to":"positionView","target":"objectZoom"}],"frame":[1,1]},{"type":"GSLive2DView","border":true,"identifier":"positionView","attribute":"position","folder":"Live2D","frame":[0,2],"sizeFormula":"return GS.GAME.previewResolution();","bindings":[{"source":"zoom","to":"zoom","target":"value"}]}]}],"rawContent":"{\n    \"parentId\": \"AC1ABDCBK050BA4863S9964E3DC378247DAD\",\n\"name\": \"Live2D Position Selection\",\n    \"windowTitle\": \"Select Position\",\n    \"type\": \"custom_view\",\n    \"windowSize\": {\n        \"w\": 400, \"h\": 400\n    },\n    \"bindings\": [\n        { \"source\": \"local.data.resource\", \"asDataFromFolder\": \"Live2D\", \"to\": \"positionView\", \"target\": \"model\" }\n    ],\n    \"windowSizeFormula\": \"var res = GS.GAME.previewResolution(); return { w: res.w +  + GS.CONST.WINDOW_PADDING }\",\n    \"sections\": [\n        {\n            \"name\": \"Position\",\n            \"identifier\": \"positionSection\",\n            \"noBorder\": true,\n            \"column\": 0,\n            \"items\": [\n                {\n                    \"type\": \"GSLabel\",\n                    \"text\": \"$$2983646A2E7A344B6429830460A50DA4FB4A\",\n                    \"frame\": [0, 0],\n                    \"group\": \"labels\"\n                },\n                {\n                    \"type\": \"GSResourcePopupField\",\n                    \"folder\": \"Graphics/Backgrounds\",\n                    \"identifier\": \"resource\",\n                    \"attribute\": \"previewBackground\",\n                    \"bindings\": [{ \"source\": \"image\", \"to\": \"positionView\", \"target\": \"backgrounds.0\" }],\n                    \"frame\": [1, 0]\n                },\n                {\n                    \"type\": \"GSLabel\",\n                    \"text\": \"$$FBD21B3DK57FEA4AA4SBF2EEA70C92043612\",\n                    \"frame\": [0, 1],\n                    \"group\": \"labels\"\n                },\n                {\n                    \"type\": \"GSStepper\",\n                    \"minimum\": 10,\n                    \"maximum\": 1000,\n                    \"defaultValue\": 100,\n                    \"valueTranslator\": { \"read\": \"return Math.round(v * 100);\", \"write\": \"return v / 100;\" },\n                    \"attribute\": \"position.zoom.d\",\n                    \"identifier\": \"zoom\",\n                    \"bindings\": [\n                         { \"source\": \"value\", \"to\": \"positionView\", \"target\": \"objectZoom\" }\n                    ],\n                    \"frame\": [1, 1]\n                },\n                {\n                    \"type\": \"GSLive2DView\",\n                    \"border\": true,\n                    \"identifier\": \"positionView\",\n                    \"attribute\": \"position\",\n                    \"folder\": \"Live2D\",\n                    \"frame\": [0, 2],\n                    \"sizeFormula\": \"return GS.GAME.previewResolution();\",\n                    \"bindings\": [\n                        { \"source\": \"zoom\", \"to\": \"zoom\", \"target\": \"value\" }\n                    ]\n                }\n            ]\n        }\n    ]\n}","order":24},"summary":["name","type"]}