{"uid":"604014AD1E9551496B7AA224258F20EBD72C","isLoaded":true,"lastModificationTime":0,"items":{"id":"gs.ChangeScreenCursor","group":"$$C1953650K4FD7A4268SB298E0BEFC554D88E","defaultValue":{"hx":0,"hy":0},"displayName":"$$224A41E54441B2435B88BBE14567578C4EA6","subGroup":"$$9B8BB0A1KF746A4031S9AABE92F5A3AB5ED5","quickItems":[{"label":"$$P61","valueFormula":"return fmtResource(p.graphic);","attribute":"graphic","identifier":"graphic","type":"GSQPopupField","dataAttribute":"resource","dialog":{"uid":"dialog.selectGraphicResource","parameters":{"folder":"Graphics/Pictures"}}},{"type":"GSQStepper","label":"$$D4DE747F2D092647F66A9161AE2A7A36F37E","attribute":"hx","minimum":0,"maximum":999999999},{"type":"GSQStepper","label":"$$269B44C38597D344B3287F714980E7107B1D","attribute":"hy","minimum":0,"maximum":999999999}],"rawContent":"{\n    \"id\": \"gs.ChangeScreenCursor\",\n    \"group\": \"$$C1953650K4FD7A4268SB298E0BEFC554D88E\",\n    \"defaultValue\": { \"hx\": 0, \"hy\": 0 },\n    \"displayName\": \"$$224A41E54441B2435B88BBE14567578C4EA6\",\n    \"subGroup\": \"$$9B8BB0A1KF746A4031S9AABE92F5A3AB5ED5\",\n    \"quickItems\": [\n        GSQ.CONTROLS.CREATE_PICTURE_RESOURCE_SELECTION(\"$$P61\", \"graphic\"),\n        {\n            \"type\": \"GSQStepper\",\n            \"label\": \"$$D4DE747F2D092647F66A9161AE2A7A36F37E\",\n            \"attribute\": \"hx\",\n            \"minimum\": 0,\n            \"maximum\": GS.CONST.MAX_NUMBER_VALUE\n        },\n        {\n            \"type\": \"GSQStepper\",\n            \"label\": \"$$269B44C38597D344B3287F714980E7107B1D\",\n            \"attribute\": \"hy\",\n            \"minimum\": 0,\n            \"maximum\": GS.CONST.MAX_NUMBER_VALUE\n        }\n    ]\n}","name":"Change Cursor","type":"event_command","parentId":"CCC1D58AKA96AA4B0ESA33CE6CCC06CB5662","order":14},"summary":["name","type","order"]}