{"uid":"6B49B8904044A7452718141624540B435F2C","isLoaded":true,"lastModificationTime":0,"items":{"name":"NormalBlush","type":"data_record","order":7,"parentId":"02C82329348F0741ED1BEB0096C61D16C243","category":"characterExpressions","data":{"name":"NormalBlush","index":"6B49B8904044A7452718141624540B435F2C","idleTime":{"start":0,"end":0},"idleSpeed":100,"idle":[{"resource":{"name":"EmmaYukata_NormalBlush"}}],"talking":[]},"id":"6B49B8904044A7452718141624540B435F2C"},"summary":["name","type","order"]}