{
    "uid": "6D975E59K97CCA4336S9A2FE2089537FB6BA",
    "isLoaded": true,
    "lastModificationTime": 0,
    "items": {
        "parentId": "AC1ABDCBK050BA4863S9964E3DC378247DAD",
        "name": "Character Position Selection",
        "windowTitle": "$$B30ED82745B4434C1A09FE025BC5866F2EE0",
        "type": "custom_view",
        "windowSize": {
            "w": 400,
            "h": 400
        },
        "bindings": [
            {
                "source": "local.data.resource",
                "asImageFromFolder": "Graphics/Characters",
                "to": "positionView",
                "target": "cells.0"
            }
        ],
        "windowSizeFormula": "var res = GS.GAME.previewResolution(); return { w: res.w +  + GS.CONST.WINDOW_PADDING }",
        "sections": [
            {
                "name": "Position",
                "identifier": "positionSection",
                "noBorder": true,
                "column": 0,
                "items": [
                    {
                        "type": "GSLabel",
                        "text": "$$2983646A2E7A344B6429830460A50DA4FB4A",
                        "frame": [
                            0,
                            0
                        ],
                        "group": "labels"
                    },
                    {
                        "type": "GSResourcePopupField",
                        "folder": "Graphics/Backgrounds",
                        "identifier": "resource",
                        "attribute": "previewBackground",
                        "bindings": [
                            {
                                "source": "image",
                                "to": "positionView",
                                "target": "backgrounds.0"
                            }
                        ],
                        "frame": [
                            1,
                            0
                        ]
                    },
                    {
                        "type": "GSDispositionView",
                        "border": true,
                        "identifier": "positionView",
                        "cellPropertiesDialog": {
                            "uid": "7C0818997DE4D742260BAF889CD17188005B"
                        },
                        "storeMode": "single",
                        "attribute": "position",
                        "allowCellZoom": true,
                        "allowCellRotate": true,
                        "folder": "Graphics/Characters",
                        "cellCount": 1,
                        "scaleForPreview": true,
                        "frame": [
                            0,
                            1
                        ],
                        "sizeFormula": "return GS.GAME.previewResolution();"
                    }
                ]
            }
        ],
        "rawContent": "{\n    \"parentId\": \"AC1ABDCBK050BA4863S9964E3DC378247DAD\",\n\"name\": \"Character Position Selection\",\n    \"windowTitle\": \"$$B30ED82745B4434C1A09FE025BC5866F2EE0\",\n    \"type\": \"custom_view\",\n    \"windowSize\": {\n        \"w\": 400, \"h\": 400\n    },\n    \"bindings\": [\n        { \"source\": \"local.data.resource\", \"asImageFromFolder\": \"Graphics/Characters\", \"to\": \"positionView\", \"target\": \"cells.0\" }\n    ],\n    \"windowSizeFormula\": \"var res = GS.GAME.previewResolution(); return { w: res.w +  + GS.CONST.WINDOW_PADDING }\",\n    \"sections\": [\n        {\n            \"name\": \"Position\",\n            \"identifier\": \"positionSection\",\n            \"noBorder\": true,\n            \"column\": 0,\n            \"items\": [\n                {\n                    \"type\": \"GSLabel\",\n                    \"text\": \"$$2983646A2E7A344B6429830460A50DA4FB4A\",\n                    \"frame\": [0, 0],\n                    \"group\": \"labels\"\n                },\n                {\n                    \"type\": \"GSResourcePopupField\",\n                    \"folder\": \"Graphics/Backgrounds\",\n                    \"identifier\": \"resource\",\n                    \"attribute\": \"previewBackground\",\n                    \"bindings\": [{ \"source\": \"image\", \"to\": \"positionView\", \"target\": \"backgrounds.0\" }],\n                    \"frame\": [1, 0]\n                },\n                {\n                    \"type\": \"GSDispositionView\",\n                    \"border\": true,\n                    \"identifier\": \"positionView\",\n                    \"cellPropertiesDialog\": { \"uid\": \"7C0818997DE4D742260BAF889CD17188005B\" },\n                    \"storeMode\": \"single\",\n                    \"attribute\": \"position\",\n                    \"allowCellZoom\": true,\n                    \"allowCellRotate\": true,\n                    \"folder\": \"Graphics/Characters\",\n                    \"cellCount\": 1,\n                    \"scaleForPreview\": true,\n                    \"frame\": [0, 1],\n                    \"sizeFormula\": \"return GS.GAME.previewResolution();\"\n                }\n                /*{\n                    \"type\": \"GSCheckBox\",\n                    \"text\": \"$$5931785CK8C7AA4EECSA748E98D1C6F6A8A6\",\n                    \"group\": \"labels\",\n                    \"attribute\": \"$project_settings.grid.visible\",\n                    \"frame\": [0, 2]\n                },\n                {\n                    \"type\": \"GSLabel\",\n                    \"text\": \"$$31543966K66C6A4ACBSAF82E5BFFA066CCD2\",\n                    \"group\": \"color\",\n                    \"frame\": [1, 2]\n                },\n                {\n                    \"type\": \"GSColorView\",\n                    \"selectable\": true,\n                    \"attribute\": \"$project_settings.grid.color\",\n                    \"frame\": [2, 2, 100, -1]\n                },\n                {\n                    \"type\": \"GSLabel\",\n                    \"text\": \"$$0D7F1FD6K2356A4F72SBC22EE3F05B95C8AF\",\n                    \"group\": \"size\",\n                    \"frame\": [3, 2]\n                },\n                {\n                    \"type\": \"GSStepper\",\n                    \"attribute\": \"$project_settings.grid.width\",\n                    \"frame\": [4, 2, 100, -1]\n                },\n                {\n                    \"type\": \"GSLabel\",\n                    \"group\": \"x\",\n                    \"text\": \"x\",\n                    \"frame\": [5, 2]\n                },\n                {\n                    \"type\": \"GSStepper\",\n                    \"attribute\": \"$project_settings.grid.height\",\n                    \"frame\": [6, 2, 100, -1]\n                },\n                {\n                    \"type\": \"GSCheckBox\",\n                    \"text\": \"$$FFE83F084E29744E1F784C43BB94EDFFDC6D\",\n                    \"defaultValue\": true,\n                    \"group\": \"snap\",\n                    \"attribute\": \"$project_settings.grid.snap\",\n                    \"frame\": [7, 2]\n                }*/\n            ]\n        }\n    ]\n}",
        "order": 15
    },
    "summary": [
        "name",
        "type"
    ]
}