{
    "uid": "6DE3B570K6608A4025SA152EC2D2464492A5",
    "isLoaded": true,
    "lastModificationTime": 0,
    "items": {
        "parentId": "7A22C363K2908A4E47S847CEF6497E3C751F",
        "displayName": "$$E0930F7F9170E74A198969904F66E06BB459",
        "windowTitle": "Shake Character",
        "type": "event_command",
        "title": "$$P24",
        "id": "vn.ShakeCharacter",
        "group": "$$1CCE5315K1F61A4059SBC64E0B6CECA383C3",
        "subGroup": "$$9D7B8871KE8A7A410ES8CA3EA1F415A8BEA7",
        "windowSize": {
            "w": 400
        },
        "nodes": [],
        "defaultValue": {
            "characterId": null,
            "duration": 0,
            "waitForCompletion": 0,
            "range": {
                "y": 5,
                "x": 0
            },
            "speed": 5,
            "easing": {
                "type": 0,
                "inOut": 1
            }
        },
        "quickItems": [
            {
                "label": "$$1CCE5315K1F61A4059SBC64E0B6CECA383C3",
                "valueFormula": "return fmtRecord('characters', p.characterId)",
                "attribute": "characterId",
                "identifier": "character",
                "variableButton": {
                    "dataSource": "strings"
                },
                "type": "GSQDataRecordField",
                "dataSource": "characters"
            },
            {
                "label": "$$2AA1FF5A1F93584F8F585F9663B9498D3026",
                "type": "GSQStepper",
                "attribute": "range.x",
                "variableButton": {
                    "dataSource": "numbers"
                },
                "defaultValue": 0,
                "minimum": -999999999,
                "maximum": 999999999
            },
            {
                "label": "$$4CCA364F5644674BFA1AC0E973871C292D40",
                "type": "GSQStepper",
                "attribute": "range.y",
                "variableButton": {
                    "dataSource": "numbers"
                },
                "defaultValue": 0,
                "minimum": -999999999,
                "maximum": 999999999
            },
            {
                "label": "$$D61D429627E27449B86881C3DE0446316091",
                "valueFormula": "return p.speed",
                "type": "GSQStepper",
                "attribute": "speed",
                "variableButton": {
                    "dataSource": "numbers"
                },
                "minimum": -999999999,
                "maximum": 999999999
            },
            {
                "label": "$$0BD2456DK1DA1A4C2DS9C03EAC7A2C6C7815",
                "valueFormula": "return fmtDuration(fmtNumVar(p.duration))",
                "valueTranslator": {
                    "write": "return v / 1000 * GS.CONST.GAME_FRAME_RATE",
                    "read": "return ROUND(v / GS.CONST.GAME_FRAME_RATE * 1000)"
                },
                "type": "GSQStepper",
                "attribute": "duration",
                "identifier": "duration",
                "variableButton": {
                    "dataSource": "numbers"
                },
                "minimum": 0,
                "maximum": 999999999
            },
            {
                "type": "GSQPopupField",
                "attribute": "waitForCompletion",
                "identifier": "waitForCompletion",
                "dataSource": [
                    "$$2EA7A7BF12D3404F62094CA6644784A9FC40",
                    "$$97A5E676K2351A43FCSB0DFEBB5CF7A73243"
                ],
                "valueFormula": "return (p.waitForCompletion ? lcs('97A5E676K2351A43FCSB0DFEBB5CF7A73243') : lcs('2EA7A7BF12D3404F62094CA6644784A9FC40'))"
            }
        ],
        "expandedView": {
            "columns": [
                {
                    "sections": [
                        {
                            "label": "$$4B6665ACK640FA4A19S89F1E4F1070280626",
                            "rows": [
                                {
                                    "items": [
                                        {
                                            "label": "$$858E29BD598E6544DD49356017DFC223DA6F",
                                            "type": "GSQPopupField",
                                            "attribute": "easing.type",
                                            "lockable": true,
                                            "width": "50%",
                                            "dataSource": [
                                                "$$B04840A62C08B644918821142386D7EEB014",
                                                "$$99D9039B6FF24440998B5ED62A44E25D562A",
                                                "$$6DB3AC545EBEF747C56BB237892A2FE7DC6A",
                                                "$$087E67D05860D644FC9A87C91B303A91E774",
                                                "$$5101E7646B6A284EC5385FF42CC39E29BC20",
                                                "$$9DEB76CD12AA024F65384215C8DF97C64463",
                                                "$$757243FE807A124F5058CEA6DC72BB24F1AD",
                                                "$$22D2BB118D79E248023904E4E5DCF459C2B2",
                                                "Ease Elastic",
                                                "Ease Bounce",
                                                "Ease Back"
                                            ],
                                            "valueFormula": "return GS.CONST.EASING_TYPES[p.easing.type]"
                                        },
                                        {
                                            "label": "",
                                            "width": "auto",
                                            "unlockItems": [
                                                "easing.type"
                                            ],
                                            "type": "GSQPopupField",
                                            "attribute": "easing.inOut",
                                            "dataSource": [
                                                "$$19C38D481D2B4947845AFB426AA83A22A24E",
                                                "$$636489127D19D648ED6BB357549054B90E98",
                                                "$$03359F826080274E018A4693CE01C765D700"
                                            ],
                                            "valueFormula": "return GS.CONST.EASING_IN_OUT[p.easing.inOut]"
                                        }
                                    ]
                                }
                            ]
                        }
                    ]
                }
            ]
        },
        "sections": [],
        "rawContent": "{\n    \"parentId\": \"AFAD6CEFK59C1A4298SBABFE7AEC1B964622\",\n    \"displayName\": \"$$E0930F7F9170E74A198969904F66E06BB459\",\n    \"windowTitle\": \"Shake Character\",\n    \"type\": \"event_command\",\n    \"title\": \"$$P24\",\n    \"id\": \"vn.ShakeCharacter\",\n    \"group\": \"$$1CCE5315K1F61A4059SBC64E0B6CECA383C3\",\n    \"subGroup\": \"$$9D7B8871KE8A7A410ES8CA3EA1F415A8BEA7\",\n    \"windowSize\": {\n        \"w\": 400\n    },\n    \"nodes\": [\n    ],\n    \"defaultValue\": { \"characterId\": GS.CONST.DEFAULT_RECORD_ID, \"duration\": 0, \"waitForCompletion\": 0, \"range\": { \"y\": 5, \"x\": 0 }, \"speed\": 5, \"easing\": { \"type\": 0, \"inOut\": 1 } },\n    \"quickItems\": [GSQ.CONTROLS.CHARACTER_SELECTION].concat(GSQ.CONTROLS.SHAKING).concat(GSQ.CONTROLS.TIMING),\n    \"expandedView\": {\n        \"columns\": [\n            {\n                \"sections\": [\n                    {\n                        \"label\": \"$$4B6665ACK640FA4A19S89F1E4F1070280626\",\n                        \"rows\": [\n                            GSQ.ROWS.EASING\n                        ]\n                    } \n                ]\n            }\n        ]\n        \n    },\n    \"sections\": [\n    ]\n}",
        "name": "Shake Character",
        "order": 1
    },
    "summary": [
        "name",
        "type"
    ]
}