{"uid":"6F7673F1KE023A4C56SAFF9E151F03EDC430","isLoaded":true,"lastModificationTime":0,"items":{"parentId":"C7F59F96KBEE0A493AS9298E6E96A9327DC7","displayName":"$$01F98A7881DBA442F908A448A7FE32766DF6","windowTitle":"$$6CB6FA85KD0ABA4653S92D1E908EACECA578","type":"event_command","id":"vn.BackgroundMotionBlur","subGroup":"$$9B8BB0A1KF746A4031S9AABE92F5A3AB5ED5","group":"$$2FBA90CCK88F7A4B74SA654EC5FF13F44EF7","windowSize":{"w":400,"h":400},"columns":[400],"nodes":[{"name":"return GS.ECH.textForShowPicture(p)","id":"vn.BackgroundMotionBlur"}],"defaultValue":{"layer":0,"motionBlur":{"enabled":0,"delay":2,"opacity":100,"dissolveSpeed":3}},"quickItems":[{"label":"$$272673AEKE288A48D0SB8D7EEFF528276A59","identifier":"layer","variableButton":{"dataSource":"numbers"},"type":"GSQStepper","attribute":"layer","minimum":0,"maximum":999999999},{"label":"$$39F3501D5398B243109AC4E68EA163812B38","lockable":true,"type":"GSQCheckBox","attribute":"motionBlur.enabled","valueFormula":"return GS.CONST.YES_NO[p.motionBlur.enabled]","enableItems":["motionBlur.delay","motionBlur.dissolveSpeed","motionBlur.opacity"]},{"label":"$$4DAD1BF70B09254B8C7898E012FD7FAF15CC","type":"GSQStepper","attribute":"motionBlur.delay","minimum":1,"maximum":1000},{"label":"$$BE21611B4A0B334CE4092F34651F62808466","type":"GSQStepper","attribute":"motionBlur.dissolveSpeed","minimum":1,"maximum":255},{"label":"$$P176","type":"GSQStepper","attribute":"motionBlur.opacity","minimum":1,"maximum":255}],"sections":[],"rawContent":"{\n    \"parentId\": \"AFAD6CEFK59C1A4298SBABFE7AEC1B964622\",\n    \"displayName\": \"$$01F98A7881DBA442F908A448A7FE32766DF6\",\n    \"windowTitle\": \"$$6CB6FA85KD0ABA4653S92D1E908EACECA578\",\n    \"type\": \"event_command\",\n    \"id\": \"vn.BackgroundMotionBlur\",\n    \"subGroup\": \"$$9B8BB0A1KF746A4031S9AABE92F5A3AB5ED5\",\n    \"group\": \"$$2FBA90CCK88F7A4B74SA654EC5FF13F44EF7\",\n    \"windowSize\": {\n        \"w\": 400,\n        \"h\": 400\n    },\n    \"columns\": [\n        400\n    ],\n    \"nodes\": [\n        {\n            \"name\": \"return GS.ECH.textForShowPicture(p)\",\n            \"id\": \"vn.BackgroundMotionBlur\"\n        }\n    ],\n    \"defaultValue\": { \"layer\": 0, \"motionBlur\": GS.CONST.DEFAULT_MOTION_BLUR_DATA },\n    \"quickItems\": ([GSQ.CONTROLS.BACKGROUND_LAYER]).concat(GSQ.CONTROLS.MOTION_BLUR),\n    \"sections\": [\n    ]\n}","name":"Background Motion Blur","order":3},"summary":["name","type"]}