{"uid":"70CDDB30499FE74C655A834753C9FA5CE992","isLoaded":true,"lastModificationTime":0,"items":{"name":"HappyBlush","type":"data_record","order":5,"parentId":"B0A7DACC5562434CA869D25601D957C60A64","category":"characterExpressions","data":{"name":"HappyBlush","index":"70CDDB30499FE74C655A834753C9FA5CE992","idleTime":{"start":0,"end":0},"idleSpeed":100,"idle":[{"resource":{"name":"WillowDate_HappyBlush"}}],"talking":[]},"id":"70CDDB30499FE74C655A834753C9FA5CE992"},"summary":["name","type","order"]}