{"uid":"7592DC1B242A0744B6894E4194D862D1FA43","isLoaded":true,"lastModificationTime":0,"items":{"name":"HappyBlush","type":"data_record","order":5,"parentId":"219288664EBFC3403899056383C768AD0901","category":"characterExpressions","data":{"name":"HappyBlush","index":"7592DC1B242A0744B6894E4194D862D1FA43","idleTime":{"start":0,"end":0},"idleSpeed":100,"idle":[{"resource":{"name":"LucyUniform_HappyBlush"}}],"talking":[]},"id":"7592DC1B242A0744B6894E4194D862D1FA43"},"summary":["name","type","order"]}