{"uid":"7B14BA148198254FAC4997E106D6BB963DD7","isLoaded":true,"lastModificationTime":0,"items":{"name":"ScaredBlush","type":"data_record","order":11,"parentId":"02C82329348F0741ED1BEB0096C61D16C243","category":"characterExpressions","data":{"name":"ScaredBlush","index":"7B14BA148198254FAC4997E106D6BB963DD7","idleTime":{"start":0,"end":0},"idleSpeed":100,"idle":[{"resource":{"name":"EmmaYukata_ScaredBlush"}}],"talking":[]},"id":"7B14BA148198254FAC4997E106D6BB963DD7"},"summary":["name","type","order"]}