{
    "uid": "7EE85C655388A944A87909421BAD5A565F5D",
    "isLoaded": true,
    "lastModificationTime": 0,
    "items": {
        "name": "Reset Global Data",
        "type": "data_record",
        "order": 0,
        "category": "commonEvents",
        "id": "7EE85C655388A944A87909421BAD5A565F5D",
        "isFolder": false,
        "parentId": "5A8B29D301CE814E2E2BF6930C0DC05DD96F",
        "data": {
            "name": "Reset Global Data",
            "startCondition": 0,
            "conditionEnabled": false,
            "parallel": false,
            "autoPreload": true,
            "singleInstance": true,
            "inline": false,
            "parameters": [],
            "commands": [
                {
                    "id": "gs.ResetGlobalData",
                    "params": {},
                    "indent": 0,
                    "uid": "DFAAF4268DE7174B1558A899E36692A64BFE"
                }
            ],
            "index": "7EE85C655388A944A87909421BAD5A565F5D",
            "booleanVariables": [
                {
                    "name": "",
                    "index": 0,
                    "scope": 0
                }
            ],
            "defaultExpressionId": "BF7CB12110894142C299D341A545C910AA86"
        }
    },
    "summary": [
        "name",
        "type",
        "order"
    ],
    "externalItems": []
}