{
    "uid": "7FC49F902D96C645282B4CA923D4F357013B",
    "isLoaded": true,
    "lastModificationTime": 0,
    "items": {
        "name": "Template_SettingsMenuSlider",
        "type": "game_script",
        "order": 10,
        "parentId": "2A0E8A67K5BAAA4D7AS9017ED220E9EFFCA7",
        "folder": false,
        "content": "ui.UiFactory.customTypes[\"ui.SettingsMenuSlider\"] = {\n    \"type\": \"ui.StackLayout\",\n    \"sizeToFit\": true,\n    \"orientation\": \"vertical\",\n    \"margin\": [10, 10, 0, 0], \n    \"controls\": [\n        { \n            \"type\": \"ui.Text\", \n            \"text\": -> p.label,\n            \"styles\": [\"regularUIText\"], \n            \"frame\": [0, 0, 200, gs.UIConstants.OPTION_BUTTON_H - 40],\n            \"margin\": [0, 0, 50, 0]\n        },\n        { \n            \"type\": \"ui.Slider\", \n            \"id\": -> p.id,\n            \"frame\": [80, 0, gs.UIConstants.LAYOUT_SETTINGS_WINDOW_W - 110, gs.UIConstants.OPTION_BUTTON_H], \n            \"params\": { \"actions\": [], \"max\": 100, \"write\": (-> p.write), \"read\": (-> p.read) } \n        }\n    ]\n}",
        "compiledContent": "// Generated by CoffeeScript 1.12.7\n(function() {\n  ui.UiFactory.customTypes[\"ui.SettingsMenuSlider\"] = {\n    \"type\": \"ui.StackLayout\",\n    \"sizeToFit\": true,\n    \"orientation\": \"vertical\",\n    \"margin\": [10, 10, 0, 0],\n    \"controls\": [\n      {\n        \"type\": \"ui.Text\",\n        \"text\": function() {\n          return p.label;\n        },\n        \"styles\": [\"regularUIText\"],\n        \"frame\": [0, 0, 200, gs.UIConstants.OPTION_BUTTON_H - 40],\n        \"margin\": [0, 0, 50, 0]\n      }, {\n        \"type\": \"ui.Slider\",\n        \"id\": function() {\n          return p.id;\n        },\n        \"frame\": [80, 0, gs.UIConstants.LAYOUT_SETTINGS_WINDOW_W - 110, gs.UIConstants.OPTION_BUTTON_H],\n        \"params\": {\n          \"actions\": [],\n          \"max\": 100,\n          \"write\": (function() {\n            return p.write;\n          }),\n          \"read\": (function() {\n            return p.read;\n          })\n        }\n      }\n    ]\n  };\n\n}).call(this);\n"
    },
    "summary": [
        "name",
        "type"
    ],
    "externalItems": []
}