{"uid":"806039B451B08743D24848A4515CCEE3B1BC","isLoaded":true,"lastModificationTime":0,"items":{"name":"ScaredBlush","type":"data_record","order":11,"parentId":"0A60C4A848E55249D568BAD26838690DB827","category":"characterExpressions","data":{"name":"ScaredBlush","index":"806039B451B08743D24848A4515CCEE3B1BC","idleTime":{"start":0,"end":0},"idleSpeed":100,"idle":[{"resource":{"name":"JaneUniform_ScaredBlush"}}],"talking":[]},"id":"806039B451B08743D24848A4515CCEE3B1BC"},"summary":["name","type","order"]}