{
    "uid": "8087B9BDKE91AA4B4BS8166E0C7C97750FAA",
    "isLoaded": true,
    "lastModificationTime": 0,
    "items": {
        "name": "EasingTypes",
        "type": "game_script",
        "order": 4,
        "parentId": "C2F9A7C9K48FFA4390S9F39E2E3A8A1D7221",
        "folder": false,
        "content": "# ===================================================================\n#\n#   Script: EasingTypes\n#\n#   $$COPYRIGHT$$\n#\n# ===================================================================\n\n###*\n* An enumeration of easing types.\n*\n* @module gs\n* @class EasingTypes\n* @memberof gs\n* @constructor\n* @static\n* @final\n###  \nclass EasingTypes\n    @initialize: ->\n        ###*\n        * @property EASE_IN\n        * @type number\n        * @static\n        * @final\n        ###\n        @EASE_IN = 1\n        ###*\n        * @property EASE_OUT\n        * @type number\n        * @static\n        * @final\n        ###\n        @EASE_OUT = 0\n        ###*\n        * @property EASE_IN_OUT\n        * @type number\n        * @static\n        * @final\n        ###\n        @EASE_IN_OUT = 2\n        ###*\n        * @property EASE_LINEAR\n        * @type number\n        * @static\n        * @final\n        ###\n        @EASE_LINEAR = 0\n        ###*\n        * @property EASE_QUADRATIC\n        * @type number\n        * @static\n        * @final\n        ###\n        @EASE_QUADRATIC = 1\n        ###*\n        * @property EASE_CUBIC\n        * @type number\n        * @static\n        * @final\n        ###\n        @EASE_CUBIC = 2\n        ###*\n        * @property EASE_QUARTIC\n        * @type number\n        * @static\n        * @final\n        ###\n        @EASE_QUARTIC = 3\n        ###*\n        * @property EASE_QUINTIC\n        * @type number\n        * @static\n        * @final\n        ###\n        @EASE_QUINTIC = 4\n        ###*\n        * @property EASE_SINUSOIDAL\n        * @type number\n        * @static\n        * @final\n        ###\n        @EASE_SINUSOIDAL = 5\n        ###*\n        * @property EASE_EXPONENTIAL\n        * @type number\n        * @static\n        * @final\n        ###\n        @EASE_EXPONENTIAL = 6\n        ###*\n        * @property EASE_CIRCULAR\n        * @type number\n        * @static\n        * @final\n        ###\n        @EASE_CIRCULAR = 7\n        ###*\n        * @property EASE_ELASTIC\n        * @type number\n        * @static\n        * @final\n        ###\n        @EASE_ELASTIC = 8\n        ###*\n        * @property EASE_BOUNCE\n        * @type number\n        * @static\n        * @final\n        ###\n        @EASE_BOUNCE = 9\n        ###*\n        * @property EASE_BACK\n        * @type number\n        * @static\n        * @final\n        ###\n        @EASE_BACK = 10\n    \nEasingTypes.initialize()\ngs.EasingTypes = EasingTypes\n  ",
        "compiledContent": "// Generated by CoffeeScript 1.12.7\n\n/**\n* An enumeration of easing types.\n*\n* @module gs\n* @class EasingTypes\n* @memberof gs\n* @constructor\n* @static\n* @final\n */\n\n(function() {\n  var EasingTypes;\n\n  EasingTypes = (function() {\n    function EasingTypes() {}\n\n    EasingTypes.initialize = function() {\n\n      /**\n      * @property EASE_IN\n      * @type number\n      * @static\n      * @final\n       */\n      this.EASE_IN = 1;\n\n      /**\n      * @property EASE_OUT\n      * @type number\n      * @static\n      * @final\n       */\n      this.EASE_OUT = 0;\n\n      /**\n      * @property EASE_IN_OUT\n      * @type number\n      * @static\n      * @final\n       */\n      this.EASE_IN_OUT = 2;\n\n      /**\n      * @property EASE_LINEAR\n      * @type number\n      * @static\n      * @final\n       */\n      this.EASE_LINEAR = 0;\n\n      /**\n      * @property EASE_QUADRATIC\n      * @type number\n      * @static\n      * @final\n       */\n      this.EASE_QUADRATIC = 1;\n\n      /**\n      * @property EASE_CUBIC\n      * @type number\n      * @static\n      * @final\n       */\n      this.EASE_CUBIC = 2;\n\n      /**\n      * @property EASE_QUARTIC\n      * @type number\n      * @static\n      * @final\n       */\n      this.EASE_QUARTIC = 3;\n\n      /**\n      * @property EASE_QUINTIC\n      * @type number\n      * @static\n      * @final\n       */\n      this.EASE_QUINTIC = 4;\n\n      /**\n      * @property EASE_SINUSOIDAL\n      * @type number\n      * @static\n      * @final\n       */\n      this.EASE_SINUSOIDAL = 5;\n\n      /**\n      * @property EASE_EXPONENTIAL\n      * @type number\n      * @static\n      * @final\n       */\n      this.EASE_EXPONENTIAL = 6;\n\n      /**\n      * @property EASE_CIRCULAR\n      * @type number\n      * @static\n      * @final\n       */\n      this.EASE_CIRCULAR = 7;\n\n      /**\n      * @property EASE_ELASTIC\n      * @type number\n      * @static\n      * @final\n       */\n      this.EASE_ELASTIC = 8;\n\n      /**\n      * @property EASE_BOUNCE\n      * @type number\n      * @static\n      * @final\n       */\n      this.EASE_BOUNCE = 9;\n\n      /**\n      * @property EASE_BACK\n      * @type number\n      * @static\n      * @final\n       */\n      return this.EASE_BACK = 10;\n    };\n\n    return EasingTypes;\n\n  })();\n\n  EasingTypes.initialize();\n\n  gs.EasingTypes = EasingTypes;\n\n}).call(this);\n"
    },
    "summary": [
        "name",
        "type"
    ],
    "externalItems": []
}