{"uid":"8216E2706652754B7888CD8905457341F99F","isLoaded":true,"lastModificationTime":0,"items":{"name":"ScaredBlush","type":"data_record","order":11,"parentId":"C8B841B145ABE249F42A4DC34798295DB9F7","category":"characterExpressions","data":{"name":"ScaredBlush","index":"8216E2706652754B7888CD8905457341F99F","idleTime":{"start":0,"end":0},"idleSpeed":100,"idle":[{"resource":{"name":"EmmaDate_ScaredBlush"}}],"talking":[]},"id":"8216E2706652754B7888CD8905457341F99F"},"summary":["name","type","order"]}