{"uid":"82487C7C299F124DAB2B7365A07322AB3DDD","isLoaded":true,"lastModificationTime":0,"items":{"windowTitle":"Phase","type":"custom_view","windowSize":{"w":400},"sections":[{"name":"","noBorder":true,"items":[{"type":"GSLabel","group":"labels","text":"$$P119","frame":[0,0]},{"type":"GSTextField","attribute":"name","frame":[1,0]},{"type":"GSLabel","group":"labels","text":"$$B634DCD0186575476659E016566E8975604C","frame":[0,1]},{"type":"GSTextField","attribute":"commandLine","frame":[1,1]},{"type":"GSLabel","group":"labels","text":"$$A18DF6480DA85343C939B6D2FC3DEC126626","frame":[0,2]},{"type":"GSFilePathBox","defaultValue":"$(OUTPUT_DIR)","attribute":"workingDirectory","frame":[1,2]}]}],"rawContent":"{\n    \"windowTitle\": \"Phase\",\n    \"type\": \"custom_view\",\n    \"windowSize\": {\n        \"w\": 400\n    },\n    \"sections\": [\n        {\n            \"name\": \"\",\n            \"noBorder\": true,\n            \"items\": [\n                {\n                    \"type\": \"GSLabel\",\n                    \"group\": \"labels\",\n                    \"text\": \"$$P119\",\n                    \"frame\": [0, 0]\n                },\n                {\n                    \"type\": \"GSTextField\",\n                    \"attribute\": \"name\",\n                    \"frame\": [1, 0]\n                },\n                {\n                    \"type\": \"GSLabel\",\n                    \"group\": \"labels\",\n                    \"text\": \"$$B634DCD0186575476659E016566E8975604C\",\n                    \"frame\": [0, 1]\n                },\n                {\n                    \"type\": \"GSTextField\",\n                    \"attribute\": \"commandLine\",\n                    \"frame\": [1, 1]\n                },\n                {\n                    \"type\": \"GSLabel\",\n                    \"group\": \"labels\",\n                    \"text\": \"$$A18DF6480DA85343C939B6D2FC3DEC126626\",\n                    \"frame\": [0, 2]\n                },\n                {\n                    \"type\": \"GSFilePathBox\",\n                    \"defaultValue\": \"$(OUTPUT_DIR)\",\n                    \"attribute\": \"workingDirectory\",\n                    \"frame\": [1, 2]\n                }\n            ]\n        }\n    ]\n}","name":"Execution Phase Window","parentId":"AC1ABDCBK050BA4863S9964E3DC378247DAD","order":8},"summary":["name","type"]}