{"uid":"825C7F1830F34646873AC787A233FEC2D3C0","isLoaded":true,"lastModificationTime":0,"items":{"name":"NormalBlush","type":"data_record","order":7,"parentId":"A6B5C27139C7074A5F493090AC98EF6558FC","category":"characterExpressions","data":{"name":"NormalBlush","index":"825C7F1830F34646873AC787A233FEC2D3C0","idleTime":{"start":0,"end":0},"idleSpeed":100,"idle":[{"resource":{"name":"JaneDate_NormalBlush"}}],"talking":[]},"id":"825C7F1830F34646873AC787A233FEC2D3C0"},"summary":["name","type","order"]}