{"uid":"82807EE5K333BA4C1BSA940E4B5D769CCE9F","isLoaded":true,"lastModificationTime":0,"items":{"parentId":"8CC0A736KF347A454AS899FE4F42878D912C","displayName":"$$871656EB36CBB94E2D1923E7D45CD9979C66","subGroup":"$$7F2E596F36975540830ACF8248644620D341","windowTitle":"Set Message Area","type":"event_command","id":"gs.SetMessageArea","group":"$$8C18C980KCA7CA4FCDS99EFEC6824693DD97","windowSize":{"w":671},"nodes":[],"defaultValue":{"numberDomain":"com.degica.vnm.default","number":0,"box":{"x":0,"y":0,"size":{"width":300,"height":100}}},"quickItems":[{"label":"$$C287D490K9B01A4407SA616EF2726CA43B52","identifier":"number","variableButton":{"dataSource":"numbers"},"domainButton":true,"type":"GSQStepper","attribute":"number","minimum":0,"maximum":999999999},{"label":"","valueFormula":"return fmt('%d, %d, %d, %d', p.box.x, p.box.y, p.box.size.width, p.box.size.height)","type":"GSQPopupField","dialog":{"uid":"362CF89CKA303A4C45S8C46EF752B9CB2E43"},"attribute":"box","dataAttribute":"object"}],"sections":[],"rawContent":"{\n    \"parentId\": \"AFAD6CEFK59C1A4298SBABFE7AEC1B964622\",\n    \"displayName\": \"$$871656EB36CBB94E2D1923E7D45CD9979C66\",\n    \"subGroup\": \"$$7F2E596F36975540830ACF8248644620D341\",\n    \"windowTitle\": \"Set Message Area\",\n    \"type\": \"event_command\",\n    \"id\": \"gs.SetMessageArea\",\n    \"group\": \"$$8C18C980KCA7CA4FCDS99EFEC6824693DD97\",\n    \"windowSize\": {\n        \"w\": 671\n    },\n    \"nodes\": [\n    ],\n    \"defaultValue\": { \"numberDomain\": GS.CONST.DEFAULT_DOMAIN, \"number\": 0, \"box\": { \"x\": 0, \"y\": 0, \"size\": { \"width\": 300, \"height\": 100 }} },\n    \"quickItems\": [\n        GSQ.CONTROLS.GRAPHIC_OBJECT_NUMBER,\n        {\n            \"label\": \"\",\n            \"valueFormula\": \"return fmt('%d, %d, %d, %d', p.box.x, p.box.y, p.box.size.width, p.box.size.height)\",\n            \"type\": \"GSQPopupField\",\n            \"dialog\": { \"uid\": \"362CF89CKA303A4C45S8C46EF752B9CB2E43\" },\n            \"attribute\": \"box\",\n            \"dataAttribute\": \"object\"\n        }\n    ],\n    \"sections\": [\n    ]\n}","name":"Set Message Area","order":11},"summary":["name","type"]}