{
    "uid": "82DEE6988FB2F645672950D1B65402BFC86E",
    "isLoaded": true,
    "lastModificationTime": 0,
    "items": {
        "name": "Just looking around",
        "type": "vn.scene",
        "parentId": "3305C56CKBF5BA44BFS8614EE4B277E49F6A",
        "chapterUid": "49DC3EE6267197419859C9E4D23776294B50",
        "order": 0,
        "localizableStrings": {
            "71F76B06856A1542774A19E4396355148B03": {
                "t": "The park is so beautiful right?",
                "d": {
                    "cid": "D817084774AB154CCE68B7B2587B0058EBFA"
                }
            }
        },
        "commands": [
            {
                "id": "gs.ClearMessage",
                "params": {
                    "fieldFlags": {
                        "duration": 1
                    },
                    "duration": 30,
                    "waitForCompletion": 1
                },
                "indent": 0,
                "uid": "57F0AD2535C0264C7D788BE7B5EFA5095039"
            },
            {
                "id": "gs.MessageSettings",
                "params": {
                    "backlog": 1,
                    "bold": 0,
                    "italic": 0,
                    "smallCaps": 0,
                    "underline": 0,
                    "strikeThrough": 0,
                    "autoErase": 1,
                    "waitAtEnd": 1,
                    "font": "Verdana",
                    "size": 40,
                    "outline": 0,
                    "shadow": 0,
                    "color": {
                        "red": 255,
                        "green": 255,
                        "blue": 255,
                        "alpha": 255
                    },
                    "outlineColor": {
                        "red": 0,
                        "green": 0,
                        "blue": 0,
                        "alpha": 255
                    },
                    "shadowColor": {
                        "red": 0,
                        "green": 0,
                        "blue": 0,
                        "alpha": 255
                    },
                    "fieldFlags": {
                        "autoErase": 0,
                        "waitAtEnd": 0,
                        "backlog": 1,
                        "font": 1,
                        "size": 1,
                        "bold": 1,
                        "italic": 1,
                        "smallCaps": 1,
                        "underline": 1,
                        "strikeThrough": 1,
                        "color": 1,
                        "outline": 1,
                        "outlineColor": 1,
                        "shadow": 1,
                        "shadowColor": 1,
                        "lineSpacing": 1,
                        "linePadding": 1,
                        "paragraphSpacing": 1,
                        "lineHeight": 1,
                        "useCharacterColor": 1,
                        "outlineSize": 1,
                        "shadowOffsetX": 1,
                        "shadowOffsetY": 1
                    },
                    "lineSpacing": 0,
                    "linePadding": 6,
                    "paragraphSpacing": 0,
                    "lineHeight": 0,
                    "useCharacterColor": 0,
                    "outlineSize": 4,
                    "shadowOffsetX": 1,
                    "shadowOffsetY": 1
                },
                "indent": 0,
                "uid": "BF33E46E75B9374EB5181E04A48674F2E0A2",
                "expanded": false
            },
            {
                "id": "gs.ShowMessage",
                "params": {
                    "waitForCompletion": 1,
                    "duration": 15,
                    "expressionId": null,
                    "custom": {
                        "object": {
                            "x": 0,
                            "y": 0,
                            "size": {
                                "width": 300,
                                "height": 100
                            }
                        }
                    },
                    "message": {
                        "lcId": "71F76B06856A1542774A19E4396355148B03",
                        "defaultText": "The park is so beautiful right?"
                    },
                    "position": 0,
                    "characterId": "D817084774AB154CCE68B7B2587B0058EBFA",
                    "partial": 0,
                    "fieldFlags": {
                        "duration": 1
                    },
                    "expressions": [],
                    "animations": []
                },
                "indent": 0,
                "expanded": true,
                "uid": "FC3DE2EC866E3742155B6751DE1F91B489D8"
            }
        ],
        "livePreviewDisabled": false
    },
    "summary": [
        "name",
        "type",
        "parentId",
        "chapterUid",
        "order"
    ],
    "externalItems": []
}