{"uid":"84A21C382EBE4343CD39169102DBC760329A","isLoaded":true,"lastModificationTime":0,"items":{"name":"Embarassed","type":"data_record","order":1,"parentId":"8D5A6D9043FF714141287DC716EA28499F49","category":"characterExpressions","data":{"name":"Embarassed","index":"84A21C382EBE4343CD39169102DBC760329A","idleTime":{"start":0,"end":0},"idleSpeed":100,"idle":[{"resource":{"name":"VictorUniform_Embarassed"}}],"talking":[]},"id":"84A21C382EBE4343CD39169102DBC760329A"},"summary":["name","type","order"]}