{
    "uid": "8530911CK1B19A4C27SB297E24E7EB4B5434",
    "isLoaded": true,
    "lastModificationTime": 0,
    "items": {
        "name": "Component_ImageAnimation",
        "type": "game_script",
        "order": 12,
        "parentId": "A8E9945CKEE5CA4855SAC81E480CB8098E0E",
        "folder": false,
        "content": "# ===================================================================\n#\n#   Script: Component_ImageAnimation\n#\n#   $$COPYRIGHT$$\n#\n# ===================================================================\nclass Component_ImageAnimation extends gs.Component_Animation\n    ###*\n    * Executes a image-based animation.\n    *\n    * @module gs\n    * @class Component_ImageAnimation\n    * @extends gs.Component_Animation\n    * @memberof gs\n    * @constructor\n    ###\n    constructor: (data) ->\n        super\n        \n        ###*\n        * The images to animate through.\n        * @property images\n        * @type string[]\n        ###\n        @images = data?.images || []\n        \n        ###*\n        * The easing-object used for the animation.\n        * @property easing\n        * @type gs.Easing\n        ###\n        @easing = new gs.Easing(null, data?.easing)\n        \n    ###*\n    * Serializes the image-animation into a data-bundle.\n    *\n    * @method toDataBundle\n    ###\n    toDataBundle: ->\n        easing: @easing,\n        images: @images\n       \n    ###*\n    * Updates the image-animation.\n    *\n    * @method update\n    ### \n    update: ->\n        super\n        if not @easing.isRunning then return\n  \n        @easing.updateValue()\n        @object.image = @images[Math.round(@easing.value)]\n        \n        if not @easing.isRunning\n            @callback?(@object, this)\n    \n    ###*\n    * A simple image animation runs from left to right using the game object's\n    * image-property.\n    *\n    * @method changeImages\n    * @param {Array} images An array of image names.\n    * @param {number} duration The duration in frames.\n    * @param {Object} easingType The easing-type.\n    * @param {function} [callback] An optional callback called if blending is finished. \n    ###         \n    start: (images, duration, easingType, callback) ->\n        @callback = callback\n        @images = images\n        @easing.type = easingType || gs.Easings.EASE_LINEAR[gs.EasingTypes.EASE_IN]\n        @easing.startValue(0, images.length-1, duration)\n        \ngs.Component_ImageAnimation = Component_ImageAnimation",
        "compiledContent": "// Generated by CoffeeScript 1.12.7\n(function() {\n  var Component_ImageAnimation,\n    extend = function(child, parent) { for (var key in parent) { if (hasProp.call(parent, key)) child[key] = parent[key]; } function ctor() { this.constructor = child; } ctor.prototype = parent.prototype; child.prototype = new ctor(); child.__super__ = parent.prototype; return child; },\n    hasProp = {}.hasOwnProperty;\n\n  Component_ImageAnimation = (function(superClass) {\n    extend(Component_ImageAnimation, superClass);\n\n\n    /**\n    * Executes a image-based animation.\n    *\n    * @module gs\n    * @class Component_ImageAnimation\n    * @extends gs.Component_Animation\n    * @memberof gs\n    * @constructor\n     */\n\n    function Component_ImageAnimation(data) {\n      Component_ImageAnimation.__super__.constructor.apply(this, arguments);\n\n      /**\n      * The images to animate through.\n      * @property images\n      * @type string[]\n       */\n      this.images = (data != null ? data.images : void 0) || [];\n\n      /**\n      * The easing-object used for the animation.\n      * @property easing\n      * @type gs.Easing\n       */\n      this.easing = new gs.Easing(null, data != null ? data.easing : void 0);\n    }\n\n\n    /**\n    * Serializes the image-animation into a data-bundle.\n    *\n    * @method toDataBundle\n     */\n\n    Component_ImageAnimation.prototype.toDataBundle = function() {\n      return {\n        easing: this.easing,\n        images: this.images\n      };\n    };\n\n\n    /**\n    * Updates the image-animation.\n    *\n    * @method update\n     */\n\n    Component_ImageAnimation.prototype.update = function() {\n      Component_ImageAnimation.__super__.update.apply(this, arguments);\n      if (!this.easing.isRunning) {\n        return;\n      }\n      this.easing.updateValue();\n      this.object.image = this.images[Math.round(this.easing.value)];\n      if (!this.easing.isRunning) {\n        return typeof this.callback === \"function\" ? this.callback(this.object, this) : void 0;\n      }\n    };\n\n\n    /**\n    * A simple image animation runs from left to right using the game object's\n    * image-property.\n    *\n    * @method changeImages\n    * @param {Array} images An array of image names.\n    * @param {number} duration The duration in frames.\n    * @param {Object} easingType The easing-type.\n    * @param {function} [callback] An optional callback called if blending is finished.\n     */\n\n    Component_ImageAnimation.prototype.start = function(images, duration, easingType, callback) {\n      this.callback = callback;\n      this.images = images;\n      this.easing.type = easingType || gs.Easings.EASE_LINEAR[gs.EasingTypes.EASE_IN];\n      return this.easing.startValue(0, images.length - 1, duration);\n    };\n\n    return Component_ImageAnimation;\n\n  })(gs.Component_Animation);\n\n  gs.Component_ImageAnimation = Component_ImageAnimation;\n\n}).call(this);\n"
    },
    "summary": [
        "name",
        "type",
        "order"
    ],
    "externalItems": []
}