{"uid":"85B8CE951146424D6F8858B16091F1F58913","isLoaded":true,"lastModificationTime":0,"items":{"name":"ScaredBlush","type":"data_record","order":11,"parentId":"219288664EBFC3403899056383C768AD0901","category":"characterExpressions","data":{"name":"ScaredBlush","index":"85B8CE951146424D6F8858B16091F1F58913","idleTime":{"start":0,"end":0},"idleSpeed":100,"idle":[{"resource":{"name":"LucyUniform_ScaredBlush"}}],"talking":[]},"id":"85B8CE951146424D6F8858B16091F1F58913"},"summary":["name","type","order"]}