{"uid":"88103FF87DCCA34470780B29983A9C8C9157","isLoaded":true,"lastModificationTime":0,"items":{"name":"Embarassed","type":"data_record","order":2,"parentId":"FAB727881722964AA4589698F41C6AC30C33","category":"characterExpressions","data":{"name":"Embarassed","index":"88103FF87DCCA34470780B29983A9C8C9157","idleTime":{"start":0,"end":0},"idleSpeed":100,"idle":[{"resource":{"name":"WillowUniform_Embarassed"}}],"talking":[]},"id":"88103FF87DCCA34470780B29983A9C8C9157"},"summary":["name","type","order"]}