{"uid":"8EEAD05130D59448B71B9302C0AB843B036A","isLoaded":true,"lastModificationTime":0,"items":{"displayName":"$$91631A9F24799740832A48B6E817413203B8","id":"gs.SaveSettings","group":"$$C1953650K4FD7A4268SB298E0BEFC554D88E","subGroup":"$$10532DB34986144EED48AC058CB1D33B179B","defaultValue":{},"quickItems":[],"rawContent":"{\n    \"displayName\": \"$$91631A9F24799740832A48B6E817413203B8\",\n    \"id\": \"gs.SaveSettings\",\n    \"group\": \"$$C1953650K4FD7A4268SB298E0BEFC554D88E\",\n    \"subGroup\": \"$$10532DB34986144EED48AC058CB1D33B179B\",\n    \"defaultValue\": {},\n    \"quickItems\": []\n}","name":"Save Settings","type":"event_command","parentId":"CCC1D58AKA96AA4B0ESA33CE6CCC06CB5662","order":5},"summary":["name","type","parentId","order"]}