{
    "uid": "8F80E15D4492424A476805B84E37560FB299",
    "isLoaded": true,
    "lastModificationTime": 0,
    "items": {
        "id": "vn.TintCharacter",
        "displayName": "$$A84A7B449956244ADE1A34957AC8482E4A35",
        "group": "$$1CCE5315K1F61A4059SBC64E0B6CECA383C3",
        "subGroup": "$$9D7B8871KE8A7A410ES8CA3EA1F415A8BEA7",
        "defaultValue": {
            "characterId": null,
            "easing": {
                "type": 0,
                "inOut": 1
            },
            "tone": {
                "red": 0,
                "green": 0,
                "blue": 0,
                "grey": 0
            },
            "duration": 0,
            "waitForCompletion": 0
        },
        "quickItems": [
            {
                "label": "$$1CCE5315K1F61A4059SBC64E0B6CECA383C3",
                "valueFormula": "return fmtRecord('characters', p.characterId)",
                "attribute": "characterId",
                "identifier": "character",
                "variableButton": {
                    "dataSource": "strings"
                },
                "type": "GSQDataRecordField",
                "dataSource": "characters"
            },
            {
                "label": "$$CB75D4C9K770FA47E2S92C2E21822CB848C7",
                "valueFormula": "return p.tone.red + ', ' + p.tone.green + ', ' + p.tone.blue + ', '+p.tone.grey; ",
                "attribute": "tone",
                "type": "GSQPopupField",
                "dataAttribute": "tone",
                "dialog": {
                    "uid": "07DDB01111532274",
                    "parameters": {}
                }
            },
            {
                "label": "$$0BD2456DK1DA1A4C2DS9C03EAC7A2C6C7815",
                "valueFormula": "return fmtDuration(fmtNumVar(p.duration))",
                "valueTranslator": {
                    "write": "return v / 1000 * GS.CONST.GAME_FRAME_RATE",
                    "read": "return ROUND(v / GS.CONST.GAME_FRAME_RATE * 1000)"
                },
                "type": "GSQStepper",
                "attribute": "duration",
                "identifier": "duration",
                "variableButton": {
                    "dataSource": "numbers"
                },
                "minimum": 0,
                "maximum": 999999999
            },
            {
                "type": "GSQPopupField",
                "attribute": "waitForCompletion",
                "identifier": "waitForCompletion",
                "dataSource": [
                    "$$2EA7A7BF12D3404F62094CA6644784A9FC40",
                    "$$97A5E676K2351A43FCSB0DFEBB5CF7A73243"
                ],
                "valueFormula": "return (p.waitForCompletion ? lcs('97A5E676K2351A43FCSB0DFEBB5CF7A73243') : lcs('2EA7A7BF12D3404F62094CA6644784A9FC40'))"
            }
        ],
        "expandedView": {
            "columns": [
                {
                    "sections": [
                        {
                            "label": "$$4B6665ACK640FA4A19S89F1E4F1070280626",
                            "rows": [
                                {
                                    "items": [
                                        {
                                            "label": "$$858E29BD598E6544DD49356017DFC223DA6F",
                                            "type": "GSQPopupField",
                                            "attribute": "easing.type",
                                            "lockable": true,
                                            "width": "50%",
                                            "dataSource": [
                                                "$$B04840A62C08B644918821142386D7EEB014",
                                                "$$99D9039B6FF24440998B5ED62A44E25D562A",
                                                "$$6DB3AC545EBEF747C56BB237892A2FE7DC6A",
                                                "$$087E67D05860D644FC9A87C91B303A91E774",
                                                "$$5101E7646B6A284EC5385FF42CC39E29BC20",
                                                "$$9DEB76CD12AA024F65384215C8DF97C64463",
                                                "$$757243FE807A124F5058CEA6DC72BB24F1AD",
                                                "$$22D2BB118D79E248023904E4E5DCF459C2B2",
                                                "Ease Elastic",
                                                "Ease Bounce",
                                                "Ease Back"
                                            ],
                                            "valueFormula": "return GS.CONST.EASING_TYPES[p.easing.type]"
                                        },
                                        {
                                            "label": "",
                                            "width": "auto",
                                            "unlockItems": [
                                                "easing.type"
                                            ],
                                            "type": "GSQPopupField",
                                            "attribute": "easing.inOut",
                                            "dataSource": [
                                                "$$19C38D481D2B4947845AFB426AA83A22A24E",
                                                "$$636489127D19D648ED6BB357549054B90E98",
                                                "$$03359F826080274E018A4693CE01C765D700"
                                            ],
                                            "valueFormula": "return GS.CONST.EASING_IN_OUT[p.easing.inOut]"
                                        }
                                    ]
                                }
                            ]
                        }
                    ]
                }
            ]
        },
        "rawContent": "{\n    \"id\": \"vn.TintCharacter\",\n    \"displayName\": \"$$A84A7B449956244ADE1A34957AC8482E4A35\",\n    \"group\": \"$$1CCE5315K1F61A4059SBC64E0B6CECA383C3\",\n    \"subGroup\": \"$$9D7B8871KE8A7A410ES8CA3EA1F415A8BEA7\",\n    \"defaultValue\": { \"characterId\": GS.CONST.DEFAULT_RECORD_ID, \"easing\": { \"type\": 0, \"inOut\": 1 }, \"tone\": { \"red\": 0, \"green\": 0, \"blue\": 0, \"grey\": 0 }, \"duration\": 0, \"waitForCompletion\": 0 },\n    \"quickItems\": [\n        GSQ.CONTROLS.CHARACTER_SELECTION,\n        GSQ.CONTROLS.TONE,\n        GSQ.CONTROLS.DURATION, GSQ.CONTROLS.WAIT_FOR_COMPLETION\n    ],\n    \"expandedView\": {\n        \"columns\": [\n            {\n                \"sections\": [\n                    {\n                        \"label\": \"$$4B6665ACK640FA4A19S89F1E4F1070280626\",\n                        \"rows\": [\n                            GSQ.ROWS.EASING\n                        ]\n                    } \n                ]\n            }\n        ]\n    },\n}",
        "name": "Tint Character",
        "type": "event_command",
        "parentId": "7A22C363K2908A4E47S847CEF6497E3C751F",
        "order": 15
    },
    "summary": [
        "name",
        "type"
    ]
}