{"uid":"920EFE483D87084AAE89EF605DD56451F199","isLoaded":true,"lastModificationTime":0,"items":{"displayName":"$$C298654F16C9004DA49AB941FCC39F9690D0","type":"event_command","id":"gs.StopSound","group":"$$42B163D5K15C1A4737SA896EB7D0DDAA19AC","subGroup":"$$8FDFEA30K0102A46B5S8271EE34632EFFFF4","defaultValue":{"sound":{}},"quickItems":[{"label":"$$P61","valueFormula":"return fmtResource(p.sound);","identifier":"audio","variableButton":{"dataSource":"strings"},"attribute":"sound","type":"GSQPopupField","dialog":{"uid":"dialog.selectAudioResource","parameters":{"folder":"Audio/Sounds"}},"icon":{"name":"listen-01"}}],"rawContent":"{\n    \"displayName\": \"$$C298654F16C9004DA49AB941FCC39F9690D0\",\n    \"type\": \"event_command\",\n    \"id\": \"gs.StopSound\",\n    \"group\": \"$$42B163D5K15C1A4737SA896EB7D0DDAA19AC\",\n    \"subGroup\": \"$$8FDFEA30K0102A46B5S8271EE34632EFFFF4\",\n    \"defaultValue\": { \"sound\": {} },\n    \"quickItems\": [\n        {\n            \"label\": \"$$P61\",\n            \"valueFormula\": \"return fmtResource(p.sound);\",\n            \"identifier\": \"audio\",\n            \"variableButton\": { \"dataSource\": \"strings\" },\n            \"attribute\": \"sound\",\n            \"type\": \"GSQPopupField\",\n            \"dialog\": { \"uid\": \"dialog.selectAudioResource\", \"parameters\": { \"folder\": \"Audio/Sounds\" } },\n            \"icon\": { \"name\": \"listen-01\" }\n        }\n    ]\n}","name":"Stop Sound","parentId":"4F83188DK2895A4449SBAF7E09712D75291C","order":6},"summary":["name","type"]}