{"uid":"93EC00A1K209FA4B07SBE07E505E7F1DB0E0","isLoaded":true,"lastModificationTime":1428162619991,"items":{"parentId":"AC1ABDCBK050BA4863S9964E3DC378247DAD","name":"Add Number List Entry Window","windowTitle":"$$231F6CA3KD2D9A448BSBFFEE945EE43E2645","type":"custom_view","windowSize":{"w":400},"sections":[{"name":"Time","noBorder":true,"layout":{"type":"dynamicGrid","fixedRowHeight":true},"column":0,"items":[{"type":"GSLabel","text":"$$P119","toolTip":"$$D086F69CK2E31A4A73S96F3E73722D94043A","frame":[0,0,40,-1]},{"type":"GSTextField","attribute":"name","toolTip":"$$D086F69CK2E31A4A73S96F3E73722D94043A","frame":[1,0,-1,-1]},{"type":"GSLabel","text":"$$P218","toolTip":"$$3E003AE1K5374A4117SBE07E938FEE1C54D3","frame":[2,0,40,-1]},{"type":"GSStepper","attribute":"value","toolTip":"$$3E003AE1K5374A4117SBE07E938FEE1C54D3","minimum":-999999999,"maximum":999999999,"defaultValue":0,"frame":[3,0,-1,-1]}]}],"rawContent":"{\n    \"parentId\": \"AC1ABDCBK050BA4863S9964E3DC378247DAD\",\n\"name\": \"Add Number List Entry Window\",\n    \"windowTitle\": \"$$231F6CA3KD2D9A448BSBFFEE945EE43E2645\",\n    \"type\": \"custom_view\",\n    \"windowSize\": {\n        \"w\": 400\n    },\n    \"sections\": [\n        {\n            \"name\": \"Time\",\n            \"noBorder\": true,\n            \"layout\": {\n                \"type\": \"dynamicGrid\",\n                \"fixedRowHeight\": true\n            },\n            \"column\": 0,\n            \"items\": [\n                {\n                    \"type\": \"GSLabel\",\n                    \"text\": \"$$P119\",\n                    \"toolTip\": \"$$D086F69CK2E31A4A73S96F3E73722D94043A\",\n                    \"frame\": [\n                        0,\n                        0,\n                        40,\n                        -1\n                    ]\n                },\n                {\n                    \"type\": \"GSTextField\",\n                    \"attribute\": \"name\",\n                    \"toolTip\": \"$$D086F69CK2E31A4A73S96F3E73722D94043A\",\n                    \"frame\": [\n                        1,\n                        0,\n                        -1,\n                        -1\n                    ]\n                },\n                {\n                    \"type\": \"GSLabel\",\n                    \"text\": \"$$P218\",\n                    \"toolTip\": \"$$3E003AE1K5374A4117SBE07E938FEE1C54D3\",\n                    \"frame\": [\n                        2,\n                        0,\n                        40,\n                        -1\n                    ]\n                },\n                {\n                    \"type\": \"GSStepper\",\n                    \"attribute\": \"value\",\n                    \"toolTip\": \"$$3E003AE1K5374A4117SBE07E938FEE1C54D3\",\n                    \"minimum\": -GS.CONST.MAX_NUMBER_VALUE,\n                    \"maximum\": GS.CONST.MAX_NUMBER_VALUE,\n                    \"defaultValue\": 0,\n                    \"frame\": [\n                        3,\n                        0,\n                        -1,\n                        -1\n                    ]\n                }\n            ]\n        }\n    ]\n}","order":10},"summary":["name","type"]}