{"uid":"9A8F21B05033014BFD78A3566E843985607A","isLoaded":true,"lastModificationTime":0,"items":{"name":"Willow","type":"data_record","order":12,"category":"characters","id":"9A8F21B05033014BFD78A3566E843985607A","isFolder":false,"parentId":"ROOT","localizableStrings":{"FE0F50F971E80249000BC4206A0CE46896E1":{"t":"","d":null},"9EF759961F14934B4459FE13C7E1E62405A7":{"t":"Willow","d":null}},"data":{"name":{"lcId":"9EF759961F14934B4459FE13C7E1E62405A7","defaultText":"Willow"},"textColor":{"red":255,"green":255,"blue":255,"alpha":255},"defaultExpressionId":"F901E3EA361F1547D8482AE4A1F071570946","timeTalkingToVoiceVolume":true,"talkingVolume":5,"params":[],"index":"9A8F21B05033014BFD78A3566E843985607A"}},"summary":["name","type","order"]}