{"uid":"9B68C04519833246B818C2C4CAC2FCAE7BC0","isLoaded":true,"lastModificationTime":0,"items":{"name":"Embarassed","type":"data_record","order":1,"parentId":"CEA6E0F75AFC3340FB0BCF254286603196A1","category":"characterExpressions","data":{"name":"Embarassed","index":"9B68C04519833246B818C2C4CAC2FCAE7BC0","idleTime":{"start":0,"end":0},"idleSpeed":100,"idle":[{"resource":{"name":"VictorYukata_Embarassed"}}],"talking":[]},"id":"9B68C04519833246B818C2C4CAC2FCAE7BC0"},"summary":["name","type","order"]}