{
    "uid": "9C4B4737KDC01A4763SA3ADE1724270348E7",
    "isLoaded": true,
    "lastModificationTime": 0,
    "items": {
        "name": "Template_VerticalScrollBar",
        "type": "game_script",
        "order": 12,
        "parentId": "2A0E8A67K5BAAA4D7AS9017ED220E9EFFCA7",
        "folder": false,
        "content": "ui.UiFactory.customTypes[\"ui.ScrollBar\"] = {\n    \"type\": \"ui.FreeLayout\",\n    \"controls\": [\n        {\n            \"type\": \"ui.ThreePartImage\",\n            \"zIndex\": 100,\n            \"firstPartSize\": 7,\n            \"lastPartSize\": 7,\n            \"image\": \"scrollbar\",\n            \"draggable\": { \"rect\": [0, 0, 24, 376], \"axisX\": false, \"axisY\": true },\n            \"frame\": [0, 0, \"100%\"],\n            \"margin\": [0, 0, 5, 0],\n            \"formulas\": [$ -> o.draggable.rect.height = o.parent.dstRect.height]\n        }\n    ]\n}",
        "compiledContent": "// Generated by CoffeeScript 1.12.7\n(function() {\n  ui.UiFactory.customTypes[\"ui.ScrollBar\"] = {\n    \"type\": \"ui.FreeLayout\",\n    \"controls\": [\n      {\n        \"type\": \"ui.ThreePartImage\",\n        \"zIndex\": 100,\n        \"firstPartSize\": 7,\n        \"lastPartSize\": 7,\n        \"image\": \"scrollbar\",\n        \"draggable\": {\n          \"rect\": [0, 0, 24, 376],\n          \"axisX\": false,\n          \"axisY\": true\n        },\n        \"frame\": [0, 0, \"100%\"],\n        \"margin\": [0, 0, 5, 0],\n        \"formulas\": [\n          $(function() {\n            return o.draggable.rect.height = o.parent.dstRect.height;\n          })\n        ]\n      }\n    ]\n  };\n\n}).call(this);\n"
    },
    "summary": [
        "name",
        "type",
        "order"
    ],
    "externalItems": []
}