{"uid":"9DF1B5F1194C88404818080349044AC4236E","isLoaded":true,"lastModificationTime":0,"items":{"id":"vn.UIAccess","group":"$$C1953650K4FD7A4268SB298E0BEFC554D88E","subGroup":"$$9B8BB0A1KF746A4031S9AABE92F5A3AB5ED5","displayName":"$$BB2B7B10593EB645BC89A6F3523F1228E03B","defaultValue":{"saveMenu":1,"loadMenu":1,"generalMenu":1,"backlog":1},"quickItems":[{"label":"$$B672610F7EA71743CB398255B711F4E82E31","type":"GSQCheckBox","lockable":true,"attribute":"saveMenu","identifier":"saveMenu","enableItems":null,"valueFormula":"return GS.CONST.YES_NO[p.saveMenu]"},{"label":"$$CF731B2494F0104CB47A20F9D7EEA0CECEDC","type":"GSQCheckBox","lockable":true,"attribute":"loadMenu","identifier":"loadMenu","enableItems":null,"valueFormula":"return GS.CONST.YES_NO[p.loadMenu]"},{"label":"$$9312500FKB347A4B26SA393EC650494E1F57","type":"GSQCheckBox","lockable":true,"attribute":"generalMenu","identifier":"generalMenu","enableItems":null,"valueFormula":"return GS.CONST.YES_NO[p.generalMenu]"},{"label":"$$B67AD5A777D39842F95B5EA622E4F4A4792E","type":"GSQCheckBox","lockable":true,"attribute":"backlog","identifier":"backlog","enableItems":null,"valueFormula":"return GS.CONST.YES_NO[p.backlog]"}],"rawContent":"{\n    \"id\": \"vn.UIAccess\",\n    \"group\": \"$$C1953650K4FD7A4268SB298E0BEFC554D88E\",\n    \"subGroup\": \"$$9B8BB0A1KF746A4031S9AABE92F5A3AB5ED5\",\n    \"displayName\": \"$$BB2B7B10593EB645BC89A6F3523F1228E03B\",\n    \"defaultValue\": { \"saveMenu\": 1, \"loadMenu\": 1, \"generalMenu\": 1, \"backlog\": 1 },\n    \"quickItems\": [\n        GSQ.CONTROLS.CHECK_BOX(\"$$B672610F7EA71743CB398255B711F4E82E31\", \"saveMenu\", null, true),\n        GSQ.CONTROLS.CHECK_BOX(\"$$CF731B2494F0104CB47A20F9D7EEA0CECEDC\", \"loadMenu\", null, true),\n        GSQ.CONTROLS.CHECK_BOX(\"$$9312500FKB347A4B26SA393EC650494E1F57\", \"generalMenu\", null, true),\n        GSQ.CONTROLS.CHECK_BOX(\"$$B67AD5A777D39842F95B5EA622E4F4A4792E\", \"backlog\", null, true)\n    ]\n}","name":"UI Access","type":"event_command","parentId":"CCC1D58AKA96AA4B0ESA33CE6CCC06CB5662","order":16},"summary":["name","type","order"]}