{"uid":"9DFF1DB5831F72414F6B4FA202EA7362D5E1","isLoaded":true,"lastModificationTime":0,"items":{"name":"Embarassed","type":"data_record","order":2,"parentId":"B0A7DACC5562434CA869D25601D957C60A64","category":"characterExpressions","data":{"name":"Embarassed","index":"9DFF1DB5831F72414F6B4FA202EA7362D5E1","idleTime":{"start":0,"end":0},"idleSpeed":100,"idle":[{"resource":{"name":"WillowDate_Embarassed"}}],"talking":[]},"id":"9DFF1DB5831F72414F6B4FA202EA7362D5E1"},"summary":["name","type","order"]}