{
    "uid": "A05E7029K45DBA459BSADF4EEC07A526241A",
    "isLoaded": true,
    "lastModificationTime": 0,
    "items": {
        "name": "Objects",
        "type": "game_script",
        "order": 4,
        "content": "",
        "parentId": "ROOT",
        "folder": true,
        "compiledContent": "\n\n//# sourceMappingURL=data:application/json;base64,eyJ2ZXJzaW9uIjozLCJmaWxlIjoiIiwic291cmNlUm9vdCI6IiIsInNvdXJjZXMiOlsiIl0sIm5hbWVzIjpbXSwibWFwcGluZ3MiOiIiLCJzb3VyY2VzQ29udGVudCI6WyIiXX0=\n//# sourceURL=Objects_52.js",
        "index": 52,
        "decoded": true
    },
    "summary": [
        "name",
        "type",
        "order"
    ]
}