{
    "uid": "A3AD388FK7A43A40E6SBDAEE6632D53B3ECB",
    "isLoaded": true,
    "lastModificationTime": 0,
    "items": {
        "name": "Template_InputNumberBox",
        "type": "game_script",
        "order": 13,
        "parentId": "2A0E8A67K5BAAA4D7AS9017ED220E9EFFCA7",
        "folder": false,
        "content": "ui.UiFactory.customTypes[\"ui.InputNumberBox\"] = {\n    \"type\": \"ui.FreeLayout\",\n    \"frame\": [0, 0, Graphics.width, Graphics.height],\n    \"controls\": [\n        {\n            \"type\": \"ui.FreeLayout\",\n            \"sizeToFit\": true,\n            \"alignmentX\": \"center\",\n            \"frame\": [0, 10],\n            \"zIndex\": 1000,\n            \"controls\": [\n                {\n                    \"type\": \"ui.FreeLayout\",\n                    \"sizeToFit\": true,\n                    \"controls\": [\n                        {\n                            \"type\": \"ui.Window\",\n                            \"frame\": [0, 0, \"MAX($tempFields.digits * 110, 460)\", 470]\n                        },\n                        {\n                            \"type\": \"ui.Panel\",\n                            \"style\": \"windowSubPanel\",\n                            \"frame\": [\"MAX($tempFields.digits * 110, 460) - 130\", 180, 130, 470 - 160],\n                            \"zIndex\": 10\n                        },\n                        {\n                            \"type\": \"ui.Panel\",\n                            \"style\": \"windowContentSeparator\",\n                            \"frame\": [0, 180, \"MAX($tempFields.digits * 110, 460)\", 1],\n                            \"zIndex\": 10\n                        },\n                        {\n                            \"type\": \"ui.Text\",\n                            \"styles\": [\"regularUIText\"],\n                            \"sizeToFit\": true,\n                            \"text\": \"Number\",\n                            \"zIndex\": 10,\n                            \"frame\": [20, 15]\n                        },\n                        {\n                            \"type\": \"ui.StackLayout\",\n                            \"components\": [{ \"id\": \"numberInput\", \"type\": \"Component_NumberInput\", \"params\": { \"digits\": ($ -> $tempFields.digits) } }],\n                            \"sizeToFit\": true,\n                            \"id\": \"numberField\",\n                            \"zIndex\": 10,\n                            \"alignmentX\": \"center\",\n                            \"frame\": [12, 50],\n                            \"dataField\": $ -> $tempFields.digits\n                            \"template\": {\n                                \"type\": \"ui.FreeLayout\",\n                                \"margin\": [5, 5, 5, 5],\n                                \"sizeToFit\": true,\n                                \"controls\": [\n                                    {\n                                        \"type\": \"ui.Image\",\n                                        \"image\": \"entrybox\"\n                                    },\n                                    {\n                                        \"type\": \"ui.Text\",\n                                        \"frame\": [0, 0],\n                                        \"sizeToFit\": true,\n                                        \"alignmentX\": \"center\",\n                                        \"alignmentY\": \"center\",\n                                        \"style\": \"numberInputEntryText\",\n                                        \"text\": \"0\"\n                                    }\n                                ]\n                            }\n                        }\n                    ]\n                },\n                {\n                    \"type\": \"ui.GridLayout\",\n                    \"sizeToFit\": true,\n                    \"rows\": 4,\n                    \"columns\": 3,\n                    \"alignmentY\": 0,\n                    \"frame\": [30, 185],\n                    \"cellSpacing\": [0, 0, 40, 0],\n                    \"controls\": [\n                        {\n                            \"type\": \"ui.Number\", \"params\": { \"text\": \"1\", \"number\": 1, \"target\": ($ -> 'numberField.numberInput') }\n                        },\n                        {\n                            \"type\": \"ui.Number\", \"params\": { \"text\": \"2\", \"number\": 2, \"target\": ($ -> 'numberField.numberInput') }\n                        },\n                        {\n                            \"type\": \"ui.Number\", \"params\": { \"text\": \"3\", \"number\": 3, \"target\": ($ -> 'numberField.numberInput') }\n                        },\n                        {\n                            \"type\": \"ui.Number\", \"params\": { \"text\": \"4\", \"number\": 4, \"target\": ($ -> 'numberField.numberInput') }\n                        },\n                        {\n                            \"type\": \"ui.Number\", \"params\": { \"text\": \"5\", \"number\": 5, \"target\": ($ -> 'numberField.numberInput') }\n                        },\n                        {\n                            \"type\": \"ui.Number\", \"params\": { \"text\": \"6\", \"number\": 6, \"target\": ($ -> 'numberField.numberInput') }\n                        },\n                        {\n                            \"type\": \"ui.Number\", \"params\": { \"text\": \"7\", \"number\": 7, \"target\": ($ -> 'numberField.numberInput') }\n                        },\n                        {\n                            \"type\": \"ui.Number\", \"params\": { \"text\": \"8\", \"number\": 8, \"target\": ($ -> 'numberField.numberInput') }\n                        },\n                        {\n                            \"type\": \"ui.Number\", \"params\": { \"text\": \"9\", \"number\": 9, \"target\": ($ -> 'numberField.numberInput') }\n                        },\n                        {\n                            \"type\": \"ui.Number\", \"params\": { \"text\": \"0\", \"number\": 0, \"target\": ($ -> 'numberField.numberInput') }\n                        }\n                    ]\n                },\n                {\n                    \"type\": \"ui.NumberBackspace\", \"params\": { \"target\": ($ -> 'numberField.numberInput') },\n                    \"frame\": [\"100% - 120\", 260]\n                },\n                {\n                    \"type\": \"ui.NumberAccept\",\n                    \"frame\": [\"100% - 120\", 200]\n                }\n            ]\n        }\n    ]\n}\n\nui.UiFactory.customTypes[\"ui.Number\"] = {\n    \"type\": \"ui.FreeLayout\",\n    \"sizeToFit\": true,\n    \"controls\": [\n        {\n            \"type\": \"ui.Frame\",\n            \"style\": \"selectableWindowShadow\",\n            \"images\": [\"\", \"selection\", \"\", \"\", \"\"],\n            \"zIndex\": 5000,\n            \"padding\": [-16, -16, -16, -16],\n            \"frame\": [0, 0, 70, 70],\n            \"actions\": [{\"name\": \"action_addNumber\", \"target\": (-> p.target), \"params\": { \"number\": (-> p.number) } }]\n        },\n        {\n            \"type\": \"ui.Text\",\n            \"sizeToFit\": true,\n            \"alignmentX\": \"center\",\n            \"alignmentY\": \"center\"\n            \"style\": \"numberInputDigitText\",\n            \"text\": (-> p.text),\n            \"zIndex\": 5000\n        }\n    ]\n}\nui.UiFactory.customTypes[\"ui.NumberBackspace\"] = {\n    \"type\": \"ui.FreeLayout\",\n    \"sizeToFit\": true,\n    \"controls\": [\n        {\n            \"type\": \"ui.Text\",\n            \"sizeToFit\": true,\n            \"styles\": [\"regularUIText\"],\n            \"text\": \"Back\",\n            \"zIndex\": 5000,\n            \"action\": {\"name\": \"action_removeNumber\", \"target\": (-> p.target), \"params\": { \"number\": (-> p.number) } }\n           \n        }\n    ]\n}\nui.UiFactory.customTypes[\"ui.NumberAccept\"] = {\n    \"type\": \"ui.FreeLayout\",\n    \"sizeToFit\": true,\n    \"controls\": [\n        {\n            \"type\": \"ui.Text\",\n            \"sizeToFit\": true,\n            \"styles\": [\"regularUIText\"],\n            \"text\": \"Confirm\",\n            \"zIndex\": 5000,\n            \"action\": {\"name\": \"emitEvent\", \"params\": { \"name\": \"accept\", \"source\": ($ -> o.parent.parent.parent), \"data\": { \"number\": ($ -> $numberField.numberInput.number) } } }\n        }\n    ]\n}",
        "compiledContent": "// Generated by CoffeeScript 1.12.7\n(function() {\n  ui.UiFactory.customTypes[\"ui.InputNumberBox\"] = {\n    \"type\": \"ui.FreeLayout\",\n    \"frame\": [0, 0, Graphics.width, Graphics.height],\n    \"controls\": [\n      {\n        \"type\": \"ui.FreeLayout\",\n        \"sizeToFit\": true,\n        \"alignmentX\": \"center\",\n        \"frame\": [0, 10],\n        \"zIndex\": 1000,\n        \"controls\": [\n          {\n            \"type\": \"ui.FreeLayout\",\n            \"sizeToFit\": true,\n            \"controls\": [\n              {\n                \"type\": \"ui.Window\",\n                \"frame\": [0, 0, \"MAX($tempFields.digits * 110, 460)\", 470]\n              }, {\n                \"type\": \"ui.Panel\",\n                \"style\": \"windowSubPanel\",\n                \"frame\": [\"MAX($tempFields.digits * 110, 460) - 130\", 180, 130, 470 - 160],\n                \"zIndex\": 10\n              }, {\n                \"type\": \"ui.Panel\",\n                \"style\": \"windowContentSeparator\",\n                \"frame\": [0, 180, \"MAX($tempFields.digits * 110, 460)\", 1],\n                \"zIndex\": 10\n              }, {\n                \"type\": \"ui.Text\",\n                \"styles\": [\"regularUIText\"],\n                \"sizeToFit\": true,\n                \"text\": \"Number\",\n                \"zIndex\": 10,\n                \"frame\": [20, 15]\n              }, {\n                \"type\": \"ui.StackLayout\",\n                \"components\": [\n                  {\n                    \"id\": \"numberInput\",\n                    \"type\": \"Component_NumberInput\",\n                    \"params\": {\n                      \"digits\": $(function() {\n                        return $tempFields.digits;\n                      })\n                    }\n                  }\n                ],\n                \"sizeToFit\": true,\n                \"id\": \"numberField\",\n                \"zIndex\": 10,\n                \"alignmentX\": \"center\",\n                \"frame\": [12, 50],\n                \"dataField\": $(function() {\n                  return $tempFields.digits;\n                }),\n                \"template\": {\n                  \"type\": \"ui.FreeLayout\",\n                  \"margin\": [5, 5, 5, 5],\n                  \"sizeToFit\": true,\n                  \"controls\": [\n                    {\n                      \"type\": \"ui.Image\",\n                      \"image\": \"entrybox\"\n                    }, {\n                      \"type\": \"ui.Text\",\n                      \"frame\": [0, 0],\n                      \"sizeToFit\": true,\n                      \"alignmentX\": \"center\",\n                      \"alignmentY\": \"center\",\n                      \"style\": \"numberInputEntryText\",\n                      \"text\": \"0\"\n                    }\n                  ]\n                }\n              }\n            ]\n          }, {\n            \"type\": \"ui.GridLayout\",\n            \"sizeToFit\": true,\n            \"rows\": 4,\n            \"columns\": 3,\n            \"alignmentY\": 0,\n            \"frame\": [30, 185],\n            \"cellSpacing\": [0, 0, 40, 0],\n            \"controls\": [\n              {\n                \"type\": \"ui.Number\",\n                \"params\": {\n                  \"text\": \"1\",\n                  \"number\": 1,\n                  \"target\": $(function() {\n                    return 'numberField.numberInput';\n                  })\n                }\n              }, {\n                \"type\": \"ui.Number\",\n                \"params\": {\n                  \"text\": \"2\",\n                  \"number\": 2,\n                  \"target\": $(function() {\n                    return 'numberField.numberInput';\n                  })\n                }\n              }, {\n                \"type\": \"ui.Number\",\n                \"params\": {\n                  \"text\": \"3\",\n                  \"number\": 3,\n                  \"target\": $(function() {\n                    return 'numberField.numberInput';\n                  })\n                }\n              }, {\n                \"type\": \"ui.Number\",\n                \"params\": {\n                  \"text\": \"4\",\n                  \"number\": 4,\n                  \"target\": $(function() {\n                    return 'numberField.numberInput';\n                  })\n                }\n              }, {\n                \"type\": \"ui.Number\",\n                \"params\": {\n                  \"text\": \"5\",\n                  \"number\": 5,\n                  \"target\": $(function() {\n                    return 'numberField.numberInput';\n                  })\n                }\n              }, {\n                \"type\": \"ui.Number\",\n                \"params\": {\n                  \"text\": \"6\",\n                  \"number\": 6,\n                  \"target\": $(function() {\n                    return 'numberField.numberInput';\n                  })\n                }\n              }, {\n                \"type\": \"ui.Number\",\n                \"params\": {\n                  \"text\": \"7\",\n                  \"number\": 7,\n                  \"target\": $(function() {\n                    return 'numberField.numberInput';\n                  })\n                }\n              }, {\n                \"type\": \"ui.Number\",\n                \"params\": {\n                  \"text\": \"8\",\n                  \"number\": 8,\n                  \"target\": $(function() {\n                    return 'numberField.numberInput';\n                  })\n                }\n              }, {\n                \"type\": \"ui.Number\",\n                \"params\": {\n                  \"text\": \"9\",\n                  \"number\": 9,\n                  \"target\": $(function() {\n                    return 'numberField.numberInput';\n                  })\n                }\n              }, {\n                \"type\": \"ui.Number\",\n                \"params\": {\n                  \"text\": \"0\",\n                  \"number\": 0,\n                  \"target\": $(function() {\n                    return 'numberField.numberInput';\n                  })\n                }\n              }\n            ]\n          }, {\n            \"type\": \"ui.NumberBackspace\",\n            \"params\": {\n              \"target\": $(function() {\n                return 'numberField.numberInput';\n              })\n            },\n            \"frame\": [\"100% - 120\", 260]\n          }, {\n            \"type\": \"ui.NumberAccept\",\n            \"frame\": [\"100% - 120\", 200]\n          }\n        ]\n      }\n    ]\n  };\n\n  ui.UiFactory.customTypes[\"ui.Number\"] = {\n    \"type\": \"ui.FreeLayout\",\n    \"sizeToFit\": true,\n    \"controls\": [\n      {\n        \"type\": \"ui.Frame\",\n        \"style\": \"selectableWindowShadow\",\n        \"images\": [\"\", \"selection\", \"\", \"\", \"\"],\n        \"zIndex\": 5000,\n        \"padding\": [-16, -16, -16, -16],\n        \"frame\": [0, 0, 70, 70],\n        \"actions\": [\n          {\n            \"name\": \"action_addNumber\",\n            \"target\": (function() {\n              return p.target;\n            }),\n            \"params\": {\n              \"number\": (function() {\n                return p.number;\n              })\n            }\n          }\n        ]\n      }, {\n        \"type\": \"ui.Text\",\n        \"sizeToFit\": true,\n        \"alignmentX\": \"center\",\n        \"alignmentY\": \"center\",\n        \"style\": \"numberInputDigitText\",\n        \"text\": (function() {\n          return p.text;\n        }),\n        \"zIndex\": 5000\n      }\n    ]\n  };\n\n  ui.UiFactory.customTypes[\"ui.NumberBackspace\"] = {\n    \"type\": \"ui.FreeLayout\",\n    \"sizeToFit\": true,\n    \"controls\": [\n      {\n        \"type\": \"ui.Text\",\n        \"sizeToFit\": true,\n        \"styles\": [\"regularUIText\"],\n        \"text\": \"Back\",\n        \"zIndex\": 5000,\n        \"action\": {\n          \"name\": \"action_removeNumber\",\n          \"target\": (function() {\n            return p.target;\n          }),\n          \"params\": {\n            \"number\": (function() {\n              return p.number;\n            })\n          }\n        }\n      }\n    ]\n  };\n\n  ui.UiFactory.customTypes[\"ui.NumberAccept\"] = {\n    \"type\": \"ui.FreeLayout\",\n    \"sizeToFit\": true,\n    \"controls\": [\n      {\n        \"type\": \"ui.Text\",\n        \"sizeToFit\": true,\n        \"styles\": [\"regularUIText\"],\n        \"text\": \"Confirm\",\n        \"zIndex\": 5000,\n        \"action\": {\n          \"name\": \"emitEvent\",\n          \"params\": {\n            \"name\": \"accept\",\n            \"source\": $(function() {\n              return o.parent.parent.parent;\n            }),\n            \"data\": {\n              \"number\": $(function() {\n                return $numberField.numberInput.number;\n              })\n            }\n          }\n        }\n      }\n    ]\n  };\n\n}).call(this);\n"
    },
    "summary": [
        "name",
        "type",
        "order"
    ],
    "externalItems": []
}