{"uid":"A55CECA64F38884F958805C4F621F8053ECD","isLoaded":true,"lastModificationTime":0,"items":{"name":"Lila","type":"data_record","order":8,"category":"characters","id":"A55CECA64F38884F958805C4F621F8053ECD","isFolder":false,"parentId":"ROOT","localizableStrings":{"EB99E0DE4605D84FD638D30812D91375EE97":{"t":"","d":null},"A9A2CAE91D420241936A2F145D88E7DF15D8":{"t":"Lila","d":null}},"data":{"name":{"lcId":"A9A2CAE91D420241936A2F145D88E7DF15D8","defaultText":"Lila"},"textColor":{"red":255,"green":255,"blue":255,"alpha":255},"defaultExpressionId":"12B153AA28A885474E986715DD801FEC3DF4","timeTalkingToVoiceVolume":true,"talkingVolume":5,"params":[],"index":"A55CECA64F38884F958805C4F621F8053ECD"}},"summary":["name","type","order"]}