{
    "uid": "A7FF7676K5755A4862SA680E67727A6E506D",
    "isLoaded": true,
    "lastModificationTime": 0,
    "items": {
        "name": "Template_VerticalScrollView",
        "type": "game_script",
        "order": 9,
        "parentId": "2A0E8A67K5BAAA4D7AS9017ED220E9EFFCA7",
        "folder": false,
        "content": "ui.UiFactory.customTypes[\"ui.VerticalScrollView\"] = {\n    \"type\": \"ui.FreeLayout\",\n    \"clipRect\": true,\n    \"controls\": [\n        {\n            \"type\": \"ui.ScrollBar\",\n            \"frame\": [0, 0, 15, \"100%\"],\n            \"updateBehavior\": \"continuous\",\n            \"formulas\": [\n                ($ -> \n                    o.numbers[0] = o.numbers[0] or 0\n                    if o.parent.controls[1].scrollableHeight > 0 and o.numbers[0] != o.controls[0].dstRect.y\n                        o.numbers[0] = o.controls[0].dstRect.y\n                        o.parent.controls[1].scrollOffsetY = o.controls[0].dstRect.y / (o.parent.dstRect.height - o.controls[0].dstRect.height) * o.parent.controls[1].scrollableHeight),\n                ($ -> if o.parent.controls[1].scrollableHeight > 0 then o.controls[0].dstRect.height = Math.max(o.parent.dstRect.height / o.parent.controls[1].contentHeight * o.parent.dstRect.height, 30) ),\n                ($ -> o.visible = false if o.parent.controls[1].scrollableHeight == 0 ),\n                ($ -> o.visible = true if o.parent.controls[1].scrollableHeight > 0 )\n            ],\n            \"margin\": [0, 0, 0, 0],\n            \"alignmentX\": \"right\"\n        },\n        {\n            \"type\": \"ui.StackLayout\",\n            \"formulas\": [\n                $ ->\n                    o.numbers[0] = o.numbers[0] or 0\n                    if o.numbers[0] != o.scrollOffsetY\n                        o.numbers[0] = o.scrollOffsetY\n                        o.parent.controls[0].controls[0].dstRect.y = o.scrollOffsetY / o.scrollableHeight * (o.dstRect.height - o.parent.controls[0].controls[0].dstRect.height)\n                        o.parent.controls[0].numbers[0] = o.parent.controls[0].controls[0].dstRect.y\n            ],\n            \"frame\": [0, 0, \"100%\", \"100%\"],\n            \"orientation\": \"vertical\",\n            \"scrollable\": true,\n            \"dataField\": -> p.dataField,\n            \"dataFilter\": -> p.dataFilter,\n            \"template\": -> p.template,\n            \"managementMode\": -> p.managementMode || 0\n        }\n    ]\n}",
        "compiledContent": "// Generated by CoffeeScript 1.12.7\n(function() {\n  ui.UiFactory.customTypes[\"ui.VerticalScrollView\"] = {\n    \"type\": \"ui.FreeLayout\",\n    \"clipRect\": true,\n    \"controls\": [\n      {\n        \"type\": \"ui.ScrollBar\",\n        \"frame\": [0, 0, 15, \"100%\"],\n        \"updateBehavior\": \"continuous\",\n        \"formulas\": [\n          $(function() {\n            o.numbers[0] = o.numbers[0] || 0;\n            if (o.parent.controls[1].scrollableHeight > 0 && o.numbers[0] !== o.controls[0].dstRect.y) {\n              o.numbers[0] = o.controls[0].dstRect.y;\n              return o.parent.controls[1].scrollOffsetY = o.controls[0].dstRect.y / (o.parent.dstRect.height - o.controls[0].dstRect.height) * o.parent.controls[1].scrollableHeight;\n            }\n          }), $(function() {\n            if (o.parent.controls[1].scrollableHeight > 0) {\n              return o.controls[0].dstRect.height = Math.max(o.parent.dstRect.height / o.parent.controls[1].contentHeight * o.parent.dstRect.height, 30);\n            }\n          }), $(function() {\n            if (o.parent.controls[1].scrollableHeight === 0) {\n              return o.visible = false;\n            }\n          }), $(function() {\n            if (o.parent.controls[1].scrollableHeight > 0) {\n              return o.visible = true;\n            }\n          })\n        ],\n        \"margin\": [0, 0, 0, 0],\n        \"alignmentX\": \"right\"\n      }, {\n        \"type\": \"ui.StackLayout\",\n        \"formulas\": [\n          $(function() {\n            o.numbers[0] = o.numbers[0] || 0;\n            if (o.numbers[0] !== o.scrollOffsetY) {\n              o.numbers[0] = o.scrollOffsetY;\n              o.parent.controls[0].controls[0].dstRect.y = o.scrollOffsetY / o.scrollableHeight * (o.dstRect.height - o.parent.controls[0].controls[0].dstRect.height);\n              return o.parent.controls[0].numbers[0] = o.parent.controls[0].controls[0].dstRect.y;\n            }\n          })\n        ],\n        \"frame\": [0, 0, \"100%\", \"100%\"],\n        \"orientation\": \"vertical\",\n        \"scrollable\": true,\n        \"dataField\": function() {\n          return p.dataField;\n        },\n        \"dataFilter\": function() {\n          return p.dataFilter;\n        },\n        \"template\": function() {\n          return p.template;\n        },\n        \"managementMode\": function() {\n          return p.managementMode || 0;\n        }\n      }\n    ]\n  };\n\n}).call(this);\n"
    },
    "summary": [
        "name",
        "type",
        "order"
    ],
    "externalItems": []
}