{"uid":"A906D05D533C4842F50B724320636A26E95B","isLoaded":true,"lastModificationTime":0,"items":{"name":"ScaredBlush","type":"data_record","order":11,"parentId":"010D697A5A56434A5D2969540F65C7F60F3D","category":"characterExpressions","data":{"name":"ScaredBlush","index":"A906D05D533C4842F50B724320636A26E95B","idleTime":{"start":0,"end":0},"idleSpeed":100,"idle":[{"resource":{"name":"LucyYukata_ScaredBlush"}}],"talking":[]},"id":"A906D05D533C4842F50B724320636A26E95B"},"summary":["name","type","order"]}