{
    "uid": "A9165C3DK50A9A43BDS987EE2B51DACB9DD6",
    "isLoaded": true,
    "lastModificationTime": 0,
    "items": {
        "name": "Template_Button",
        "type": "game_script",
        "order": 16,
        "parentId": "2A0E8A67K5BAAA4D7AS9017ED220E9EFFCA7",
        "folder": false,
        "content": "ui.UiFactory.customTypes[\"ui.Button\"] = {\n    \"type\": \"ui.FreeLayout\",\n    \"style\": \"button\",\n    \"controls\":[\n        {\n            \"type\": \"ui.SelectableWindow\",\n            \"frame\": [0, 0, \"100%\", \"100%\"],\n            \"margin\": [0, 0, 0, 30],\n            \"inheritProperties\": true,\n            \"params\": {\n                \"actions\": -> p.actions, \n                \"action\": -> if !p.actions then Object.mixin({ \"sound\": $dataFields.database.system.menuSelectSound }, p.action) else null, \n                \"sound\": -> p.sound\n            },\n            \"zIndex\": 4999\n        },\n        {\n            \"type\": \"ui.Text\",\n            \"executeFieldFormulas\": true,\n            \"inheritProperties\": true,\n            \"sizeToFit\": true,\n            \"style\": \"buttonText\",\n            \"frame\": [0, 0],\n            \"text\": -> p.text,\n            \"zIndex\": 5100\n        }\n    ]\n}\n\n\nui.UiFactory.customTypes[\"ui.BackButton\"] = {\n    \"type\": \"ui.Button\",\n    \"params\": { \n        \"text\": -> p?.text or { lcId: \"B0FD4BF121D9E44E7589CDD35869F86F2227\", defaultText: \"Back\" }, \n        \"actions\": [{ \"sound\": (-> $dataFields.database.system.menuSelectSound), \"event\": \"onMouseClick\", \"name\": \"saveSettings\" }, { \"event\": \"onMouseClick\", \"name\": \"previousLayout\" }], \n        \"sound\": -> $dataFields.database.system.menuCancelSound }\n}\n\n\n",
        "compiledContent": "// Generated by CoffeeScript 1.12.7\n(function() {\n  ui.UiFactory.customTypes[\"ui.Button\"] = {\n    \"type\": \"ui.FreeLayout\",\n    \"style\": \"button\",\n    \"controls\": [\n      {\n        \"type\": \"ui.SelectableWindow\",\n        \"frame\": [0, 0, \"100%\", \"100%\"],\n        \"margin\": [0, 0, 0, 30],\n        \"inheritProperties\": true,\n        \"params\": {\n          \"actions\": function() {\n            return p.actions;\n          },\n          \"action\": function() {\n            if (!p.actions) {\n              return Object.mixin({\n                \"sound\": $dataFields.database.system.menuSelectSound\n              }, p.action);\n            } else {\n              return null;\n            }\n          },\n          \"sound\": function() {\n            return p.sound;\n          }\n        },\n        \"zIndex\": 4999\n      }, {\n        \"type\": \"ui.Text\",\n        \"executeFieldFormulas\": true,\n        \"inheritProperties\": true,\n        \"sizeToFit\": true,\n        \"style\": \"buttonText\",\n        \"frame\": [0, 0],\n        \"text\": function() {\n          return p.text;\n        },\n        \"zIndex\": 5100\n      }\n    ]\n  };\n\n  ui.UiFactory.customTypes[\"ui.BackButton\"] = {\n    \"type\": \"ui.Button\",\n    \"params\": {\n      \"text\": function() {\n        return (typeof p !== \"undefined\" && p !== null ? p.text : void 0) || {\n          lcId: \"B0FD4BF121D9E44E7589CDD35869F86F2227\",\n          defaultText: \"Back\"\n        };\n      },\n      \"actions\": [\n        {\n          \"sound\": (function() {\n            return $dataFields.database.system.menuSelectSound;\n          }),\n          \"event\": \"onMouseClick\",\n          \"name\": \"saveSettings\"\n        }, {\n          \"event\": \"onMouseClick\",\n          \"name\": \"previousLayout\"\n        }\n      ],\n      \"sound\": function() {\n        return $dataFields.database.system.menuCancelSound;\n      }\n    }\n  };\n\n}).call(this);\n"
    },
    "summary": [
        "name",
        "type"
    ],
    "externalItems": []
}