{
    "uid": "ABDD940AK5089A493CS9BCEEC74448550608",
    "isLoaded": true,
    "lastModificationTime": 0,
    "items": {
        "name": "Template_OptionButton",
        "type": "game_script",
        "order": 14,
        "parentId": "2A0E8A67K5BAAA4D7AS9017ED220E9EFFCA7",
        "folder": false,
        "content": "ui.UiFactory.customTypes[\"ui.OptionButton\"] = {\n    \"type\": \"ui.StackLayout\",\n    \"sizeToFit\": true,\n    \"controls\": [\n        {\n            \"type\": \"ui.Image\",\n            \"imageHandling\": 0,\n            \"selectable\": yes,\n            \"group\": -> p.group,\n            \"style\": \"optionButton\",\n            \"action\": -> p.action,\n            \"formulas\": [\n                $ (-> if @onInitialize then o.ui.selected = @data.read.exec()), read: (-> p.read)\n                $ (-> \n                    @data.write.exec(o.ui.selected)\n                ), write: (-> p.write)#, \"onAction\"\n            ],\n            \"margin\": [0, 0, 10, 0]\n        },\n        {\n            \"type\": \"ui.Text\",\n            \"id\": \"mybtn\",\n            \"color\": [255, 255, 255],\n            \"formatting\": true,\n            \"style\": \"smallUIText\",\n            \"alignmentY\": \"center\",\n            \"text\": -> p.label,\n            \"frame\": [0, 0],\n            \"sizeToFit\": true\n        }\n    ]\n}",
        "compiledContent": "// Generated by CoffeeScript 1.12.7\n(function() {\n  ui.UiFactory.customTypes[\"ui.OptionButton\"] = {\n    \"type\": \"ui.StackLayout\",\n    \"sizeToFit\": true,\n    \"controls\": [\n      {\n        \"type\": \"ui.Image\",\n        \"imageHandling\": 0,\n        \"selectable\": true,\n        \"group\": function() {\n          return p.group;\n        },\n        \"style\": \"optionButton\",\n        \"action\": function() {\n          return p.action;\n        },\n        \"formulas\": [\n          $((function() {\n            if (this.onInitialize) {\n              return o.ui.selected = this.data.read.exec();\n            }\n          }), {\n            read: (function() {\n              return p.read;\n            })\n          }), $((function() {\n            return this.data.write.exec(o.ui.selected);\n          }), {\n            write: (function() {\n              return p.write;\n            })\n          })\n        ],\n        \"margin\": [0, 0, 10, 0]\n      }, {\n        \"type\": \"ui.Text\",\n        \"id\": \"mybtn\",\n        \"color\": [255, 255, 255],\n        \"formatting\": true,\n        \"style\": \"smallUIText\",\n        \"alignmentY\": \"center\",\n        \"text\": function() {\n          return p.label;\n        },\n        \"frame\": [0, 0],\n        \"sizeToFit\": true\n      }\n    ]\n  };\n\n}).call(this);\n"
    },
    "summary": [
        "name",
        "type",
        "order"
    ],
    "externalItems": []
}