{"uid":"ABFE6089K42D1A4361SBA83EB512551DA7A2","isLoaded":true,"lastModificationTime":0,"items":{"parentId":"622D180FKC6D9A4243S8FCBEA38FBF82865C","displayName":"$$D33E572A65EC5549DD3BBDB3EE43F6F50E33","windowTitle":"$$24F00E71K5A5FA4FF0S9706E60E55075F30B","type":"event_command","id":"gs.CropVideo","group":"$$ADD23624771072411D3A82987C5BE70C8582","subGroup":"$$9E1A5407531CC141D66911387F0B53C14B4F","windowSize":{"w":400},"nodes":[],"defaultValue":{"numberDomain":"com.degica.vnm.default","number":0,"x":0,"y":0,"width":1,"height":1},"quickItems":[{"label":"$$C287D490K9B01A4407SA616EF2726CA43B52","identifier":"number","variableButton":{"dataSource":"numbers"},"domainButton":true,"type":"GSQStepper","attribute":"number","minimum":0,"maximum":999999999},{"label":"X","variableButton":{"dataSource":"numbers"},"type":"GSQStepper","attribute":"x","maximum":999999999,"minimum":-999999999},{"label":"Y","variableButton":{"dataSource":"numbers"},"type":"GSQStepper","attribute":"y","maximum":999999999,"minimum":-999999999},{"label":"$$F298E912KB3FAA4D38S8699ED37655BCFEF0","variableButton":{"dataSource":"numbers"},"type":"GSQStepper","attribute":"width","maximum":999999999,"minimum":1},{"label":"$$6AD32F89KCC0CA4C25S8900E0FA08CE71324","variableButton":{"dataSource":"numbers"},"type":"GSQStepper","attribute":"height","maximum":999999999,"minimum":1}],"sections":[],"rawContent":"{\n    \"parentId\": \"AFAD6CEFK59C1A4298SBABFE7AEC1B964622\",\n    \"displayName\": \"$$D33E572A65EC5549DD3BBDB3EE43F6F50E33\",\n    \"windowTitle\": \"$$24F00E71K5A5FA4FF0S9706E60E55075F30B\",\n    \"type\": \"event_command\",\n    \"id\": \"gs.CropVideo\",\n    \"group\": \"$$ADD23624771072411D3A82987C5BE70C8582\",\n    \"subGroup\": \"$$9E1A5407531CC141D66911387F0B53C14B4F\",\n    \"windowSize\": {\n        \"w\": 400\n    },\n    \"nodes\": [\n    ],\n    \"defaultValue\": { \"numberDomain\": GS.CONST.DEFAULT_DOMAIN, \"number\": 0, \"x\": 0, \"y\": 0, \"width\": 1, \"height\": 1 },\n    \"quickItems\": [\n        GSQ.CONTROLS.GRAPHIC_OBJECT_NUMBER,\n        {\n            \"label\": \"X\",\n            \"variableButton\": { \"dataSource\": \"numbers\" },\n            \"type\": \"GSQStepper\",\n            \"attribute\": \"x\",\n            \"maximum\": GS.CONST.MAX_NUMBER_VALUE,\n            \"minimum\": -GS.CONST.MAX_NUMBER_VALUE\n        },\n        {\n            \"label\": \"Y\",\n            \"variableButton\": { \"dataSource\": \"numbers\" },\n            \"type\": \"GSQStepper\",\n            \"attribute\": \"y\",\n            \"maximum\": GS.CONST.MAX_NUMBER_VALUE,\n            \"minimum\": -GS.CONST.MAX_NUMBER_VALUE\n        },\n        {\n            \"label\": \"$$F298E912KB3FAA4D38S8699ED37655BCFEF0\",\n            \"variableButton\": { \"dataSource\": \"numbers\" },\n            \"type\": \"GSQStepper\",\n            \"attribute\": \"width\",\n            \"maximum\": GS.CONST.MAX_NUMBER_VALUE,\n            \"minimum\": 1\n        },\n        {\n            \"label\": \"$$6AD32F89KCC0CA4C25S8900E0FA08CE71324\",\n            \"variableButton\": { \"dataSource\": \"numbers\" },\n            \"type\": \"GSQStepper\",\n            \"attribute\": \"height\",\n            \"maximum\": GS.CONST.MAX_NUMBER_VALUE,\n            \"minimum\": 1\n        }\n    ],\n    \"sections\": [\n    ]\n}","name":"Crop Movie","order":9},"summary":["name","type"]}