{
    "uid": "B1A645C31ED9E94B02382D1693ECAD7B5E62",
    "isLoaded": true,
    "lastModificationTime": 0,
    "items": {
        "name": "Component_BlurAnimation",
        "type": "game_script",
        "order": 13,
        "parentId": "A8E9945CKEE5CA4855SAC81E480CB8098E0E",
        "folder": false,
        "scriptType": 0,
        "content": "# ===================================================================\n#\n#   Script: Component_BlurAnimation\n#\n#   $$COPYRIGHT$$\n#\n# ===================================================================\nclass Component_BlurAnimation extends gs.Component_Animation\n    ###*\n    * Executes a blur-animation on a game-object.\n    *\n    * @module gs\n    * @class Component_BlurAnimation\n    * @extends gs.Component_Animation\n    * @memberof gs\n    * @constructor\n    ###\n    constructor: (data) ->\n        super\n        \n        ###*\n        * The easing-object used for the animation.\n        * @property easing\n        * @type gs.Easing\n        ###\n        @easing = new gs.Easing(null, data?.easing)\n        \n    ###*\n    * Serializes the blend-animation into a data-bundle.\n    *\n    * @method toDataBundle\n    ###\n    toDataBundle: ->\n        easing: @easing\n     \n    ###*\n    * Updates the blend-animation.\n    *\n    * @method update\n    ###   \n    update: ->\n        super\n        if not @easing.isRunning then return\n\n        @easing.updateValue()\n        @object.effects.blur.power = @easing.value\n        \n        if not @easing.isRunning\n            @object.effects.blur.enabled = @object.effects.blur.power > 0\n            @callback?(@object, this)\n \n    ###*\n    * Starts the blend-animation.\n    *\n    * @method start\n    * @param {number} power The target power.\n    * @param {number} duration The duration in frames.\n    * @param {Object} easingType The easing-type.\n    * @param {function} [callback] An optional callback called if the animation is finished. \n    ###  \n    start: (power, duration, easingType, callback) ->\n        @callback = callback\n        @easing.type = easingType || gs.Easings.EASE_LINEAR[gs.EasingTypes.EASE_IN]\n        if @object.effects.blur.power == power then return @callback?(@object, this)\n        \n        if duration == 0 or @isInstantSkip()\n            @object.effects.blur.power = power\n            @callback?(@object, this)\n        else\n            @easing.startValue(@object.effects.blur.power, power - @object.effects.blur.power, duration)\n        \ngs.Component_BlurAnimation = Component_BlurAnimation",
        "compiledContent": "// Generated by CoffeeScript 1.12.7\n(function() {\n  var Component_BlurAnimation,\n    extend = function(child, parent) { for (var key in parent) { if (hasProp.call(parent, key)) child[key] = parent[key]; } function ctor() { this.constructor = child; } ctor.prototype = parent.prototype; child.prototype = new ctor(); child.__super__ = parent.prototype; return child; },\n    hasProp = {}.hasOwnProperty;\n\n  Component_BlurAnimation = (function(superClass) {\n    extend(Component_BlurAnimation, superClass);\n\n\n    /**\n    * Executes a blur-animation on a game-object.\n    *\n    * @module gs\n    * @class Component_BlurAnimation\n    * @extends gs.Component_Animation\n    * @memberof gs\n    * @constructor\n     */\n\n    function Component_BlurAnimation(data) {\n      Component_BlurAnimation.__super__.constructor.apply(this, arguments);\n\n      /**\n      * The easing-object used for the animation.\n      * @property easing\n      * @type gs.Easing\n       */\n      this.easing = new gs.Easing(null, data != null ? data.easing : void 0);\n    }\n\n\n    /**\n    * Serializes the blend-animation into a data-bundle.\n    *\n    * @method toDataBundle\n     */\n\n    Component_BlurAnimation.prototype.toDataBundle = function() {\n      return {\n        easing: this.easing\n      };\n    };\n\n\n    /**\n    * Updates the blend-animation.\n    *\n    * @method update\n     */\n\n    Component_BlurAnimation.prototype.update = function() {\n      Component_BlurAnimation.__super__.update.apply(this, arguments);\n      if (!this.easing.isRunning) {\n        return;\n      }\n      this.easing.updateValue();\n      this.object.effects.blur.power = this.easing.value;\n      if (!this.easing.isRunning) {\n        this.object.effects.blur.enabled = this.object.effects.blur.power > 0;\n        return typeof this.callback === \"function\" ? this.callback(this.object, this) : void 0;\n      }\n    };\n\n\n    /**\n    * Starts the blend-animation.\n    *\n    * @method start\n    * @param {number} power The target power.\n    * @param {number} duration The duration in frames.\n    * @param {Object} easingType The easing-type.\n    * @param {function} [callback] An optional callback called if the animation is finished.\n     */\n\n    Component_BlurAnimation.prototype.start = function(power, duration, easingType, callback) {\n      this.callback = callback;\n      this.easing.type = easingType || gs.Easings.EASE_LINEAR[gs.EasingTypes.EASE_IN];\n      if (this.object.effects.blur.power === power) {\n        return typeof this.callback === \"function\" ? this.callback(this.object, this) : void 0;\n      }\n      if (duration === 0 || this.isInstantSkip()) {\n        this.object.effects.blur.power = power;\n        return typeof this.callback === \"function\" ? this.callback(this.object, this) : void 0;\n      } else {\n        return this.easing.startValue(this.object.effects.blur.power, power - this.object.effects.blur.power, duration);\n      }\n    };\n\n    return Component_BlurAnimation;\n\n  })(gs.Component_Animation);\n\n  gs.Component_BlurAnimation = Component_BlurAnimation;\n\n}).call(this);\n"
    },
    "summary": [
        "name",
        "type"
    ],
    "externalItems": []
}