{"uid":"B1BE1FEF0824C54CA09B9213DB1729BFFD01","isLoaded":true,"lastModificationTime":0,"items":{"name":"Embarassed","type":"data_record","order":1,"parentId":"03EB44065793B546F28BC0E1956AA8692BAD","category":"characterExpressions","data":{"name":"Embarassed","index":"B1BE1FEF0824C54CA09B9213DB1729BFFD01","idleTime":{"start":0,"end":0},"idleSpeed":100,"idle":[{"resource":{"name":"AceUniform_Embarassed"}}],"talking":[]},"id":"B1BE1FEF0824C54CA09B9213DB1729BFFD01"},"summary":["name","type","order"]}