{
    "uid": "B35967D2K329FA40D5S9B9EE2229E0625033",
    "isLoaded": true,
    "lastModificationTime": 0,
    "items": {
        "parentId": "C7F59F96KBEE0A493AS9298E6E96A9327DC7",
        "displayName": "$$FEEAD8FB709B494A7239AEB682F4B04D1D84",
        "windowTitle": "Scroll Background To",
        "type": "event_command",
        "title": "$$P24",
        "id": "vn.ScrollBackgroundTo",
        "group": "$$2FBA90CCK88F7A4B74SA654EC5FF13F44EF7",
        "subGroup": "$$9D7B8871KE8A7A410ES8CA3EA1F415A8BEA7",
        "windowSize": {
            "w": 400
        },
        "nodes": [
            {
                "name": "return GS.VN.ECH.textForScrollBackgroundTo(p);",
                "id": "vn.ScrollBackgroundTo"
            }
        ],
        "defaultValue": {
            "layer": 0,
            "predefinedPositionId": 0,
            "positionType": 1,
            "duration": 0,
            "waitForCompletion": 0,
            "background": {
                "location": {
                    "x": 0,
                    "y": 0
                }
            },
            "easing": {
                "type": 0,
                "inOut": 1
            }
        },
        "quickItems": [
            {
                "label": "$$272673AEKE288A48D0SB8D7EEFF528276A59",
                "identifier": "layer",
                "variableButton": {
                    "dataSource": "numbers"
                },
                "type": "GSQStepper",
                "attribute": "layer",
                "minimum": 0,
                "maximum": 999999999
            },
            {
                "label": "$$P31",
                "type": "GSQPopupField",
                "valueFormula": "return GS.CONST.GRAPHIC_POSITION_TYPES[p.positionType]",
                "attribute": "positionType",
                "dataSource": [
                    "$$52E2B8291E58F74BCA0BCAB906C31A14C8E8",
                    "$$EDA8FFF8758AE841037B2DB13D815982AF4D",
                    "$$7975782B2E59994D107B13C1801F5A299E12"
                ],
                "showItems": [
                    [
                        "predefinedPositionId"
                    ],
                    [
                        "position"
                    ],
                    [
                        "x",
                        "y"
                    ]
                ]
            },
            {
                "label": "",
                "valueFormula": "return p.background.location.x + ', ' + p.background.location.y;",
                "type": "GSQPopupField",
                "attribute": "background",
                "identifier": "position",
                "dialog": {
                    "uid": "B18F0D01K0ACFA4434SA8DCEA2A63241F8F3"
                }
            },
            {
                "label": "X",
                "variableButton": {
                    "dataSource": "numbers"
                },
                "type": "GSQStepper",
                "identifier": "x",
                "attribute": "background.location.x",
                "minimum": -999999999,
                "maximum": 999999999
            },
            {
                "label": "Y",
                "variableButton": {
                    "dataSource": "numbers"
                },
                "type": "GSQStepper",
                "identifier": "y",
                "attribute": "background.location.y",
                "minimum": -999999999,
                "maximum": 999999999
            },
            {
                "label": "",
                "valueFormula": "return GS.VN.textForPredefinedObjectPosition(p.predefinedPositionId);",
                "type": "GSQPopupField",
                "dataSource": {
                    "sourceFormula": "return GS.VN.predefinedObjectPositionList(undefined)"
                },
                "attribute": "predefinedPositionId"
            },
            {
                "label": "$$0BD2456DK1DA1A4C2DS9C03EAC7A2C6C7815",
                "valueFormula": "return fmtDuration(fmtNumVar(p.duration))",
                "valueTranslator": {
                    "write": "return v / 1000 * GS.CONST.GAME_FRAME_RATE",
                    "read": "return ROUND(v / GS.CONST.GAME_FRAME_RATE * 1000)"
                },
                "type": "GSQStepper",
                "attribute": "duration",
                "identifier": "duration",
                "variableButton": {
                    "dataSource": "numbers"
                },
                "minimum": 0,
                "maximum": 999999999
            },
            {
                "type": "GSQPopupField",
                "attribute": "waitForCompletion",
                "identifier": "waitForCompletion",
                "dataSource": [
                    "$$2EA7A7BF12D3404F62094CA6644784A9FC40",
                    "$$97A5E676K2351A43FCSB0DFEBB5CF7A73243"
                ],
                "valueFormula": "return (p.waitForCompletion ? lcs('97A5E676K2351A43FCSB0DFEBB5CF7A73243') : lcs('2EA7A7BF12D3404F62094CA6644784A9FC40'))"
            }
        ],
        "expandedView": {
            "columns": [
                {
                    "sections": [
                        {
                            "label": "$$4B6665ACK640FA4A19S89F1E4F1070280626",
                            "rows": [
                                {
                                    "items": [
                                        {
                                            "label": "$$858E29BD598E6544DD49356017DFC223DA6F",
                                            "type": "GSQPopupField",
                                            "attribute": "easing.type",
                                            "lockable": true,
                                            "width": "50%",
                                            "dataSource": [
                                                "$$B04840A62C08B644918821142386D7EEB014",
                                                "$$99D9039B6FF24440998B5ED62A44E25D562A",
                                                "$$6DB3AC545EBEF747C56BB237892A2FE7DC6A",
                                                "$$087E67D05860D644FC9A87C91B303A91E774",
                                                "$$5101E7646B6A284EC5385FF42CC39E29BC20",
                                                "$$9DEB76CD12AA024F65384215C8DF97C64463",
                                                "$$757243FE807A124F5058CEA6DC72BB24F1AD",
                                                "$$22D2BB118D79E248023904E4E5DCF459C2B2",
                                                "Ease Elastic",
                                                "Ease Bounce",
                                                "Ease Back"
                                            ],
                                            "valueFormula": "return GS.CONST.EASING_TYPES[p.easing.type]"
                                        },
                                        {
                                            "label": "",
                                            "width": "auto",
                                            "unlockItems": [
                                                "easing.type"
                                            ],
                                            "type": "GSQPopupField",
                                            "attribute": "easing.inOut",
                                            "dataSource": [
                                                "$$19C38D481D2B4947845AFB426AA83A22A24E",
                                                "$$636489127D19D648ED6BB357549054B90E98",
                                                "$$03359F826080274E018A4693CE01C765D700"
                                            ],
                                            "valueFormula": "return GS.CONST.EASING_IN_OUT[p.easing.inOut]"
                                        }
                                    ]
                                }
                            ]
                        }
                    ]
                }
            ]
        },
        "sections": [],
        "rawContent": "{\n    \"parentId\": \"AFAD6CEFK59C1A4298SBABFE7AEC1B964622\",\n    \"displayName\": \"$$FEEAD8FB709B494A7239AEB682F4B04D1D84\",\n    \"windowTitle\": \"Scroll Background To\",\n    \"type\": \"event_command\",\n    \"title\": \"$$P24\",\n    \"id\": \"vn.ScrollBackgroundTo\",\n    \"group\": \"$$2FBA90CCK88F7A4B74SA654EC5FF13F44EF7\",\n    \"subGroup\": \"$$9D7B8871KE8A7A410ES8CA3EA1F415A8BEA7\",\n    \"windowSize\": {\n        \"w\": 400\n    },\n    \"nodes\": [\n        {\n            \"name\": \"return GS.VN.ECH.textForScrollBackgroundTo(p);\",\n            \"id\": \"vn.ScrollBackgroundTo\"\n        }\n    ],\n    \"defaultValue\": { \"layer\": 0, \"predefinedPositionId\": 0, \"positionType\": 1, \"duration\": 0, \"waitForCompletion\": 0, \"background\": { \"location\": { \"x\": 0, \"y\": 0 }}, \"easing\": { \"type\": 0, \"inOut\": 1 }},\n    \"quickItems\": [\n        GSQ.CONTROLS.BACKGROUND_LAYER,\n        GSQ.CONTROLS.GRAPHIC_POSITION_TYPE,\n        {\n            \"label\": \"\",\n            \"valueFormula\": \"return p.background.location.x + ', ' + p.background.location.y;\",\n            \"type\": \"GSQPopupField\",\n            \"attribute\": \"background\",\n            \"identifier\": \"position\",\n            \"dialog\": { \"uid\": \"B18F0D01K0ACFA4434SA8DCEA2A63241F8F3\" }\n        },\n        Object.override(GSQ.CONTROLS.GRAPHIC_POSITION_X, { \"attribute\": \"background.location.x\" }),\n        Object.override(GSQ.CONTROLS.GRAPHIC_POSITION_Y, { \"attribute\": \"background.location.y\" }),\n        GSQ.CONTROLS.CREATE_PREDEFINED_OBJECT_POSITION(),\n        GSQ.CONTROLS.DURATION,\n        GSQ.CONTROLS.WAIT_FOR_COMPLETION\n    ],\n    \"expandedView\": {\n        \"columns\": [\n            {\n                \"sections\": [\n                    {\n                        \"label\": \"$$4B6665ACK640FA4A19S89F1E4F1070280626\",\n                        \"rows\": [\n                            GSQ.ROWS.EASING\n                        ]\n                    } \n                ]\n            }\n        ]\n        \n    },\n    \"sections\": [\n    ]\n}",
        "name": "Scroll Background To",
        "order": 6
    },
    "summary": [
        "name",
        "type"
    ]
}