{"uid":"B3BD4A33051943401B1A0033DE5166A9046C","isLoaded":true,"lastModificationTime":0,"items":{"name":"Embarassed","type":"data_record","order":1,"parentId":"121E44B32910C24CC33A8DB3470721798AF0","category":"characterExpressions","data":{"name":"Embarassed","index":"B3BD4A33051943401B1A0033DE5166A9046C","idleTime":{"start":0,"end":0},"idleSpeed":100,"idle":[{"resource":{"name":"DanielYukata_Embarassed"}}],"talking":[]},"id":"B3BD4A33051943401B1A0033DE5166A9046C"},"summary":["name","type","order"]}