{"uid":"B3EA33B679CE7740A8780EC897A68ADD902B","isLoaded":true,"lastModificationTime":0,"items":{"name":"Embarassed","type":"data_record","order":1,"parentId":"834BEA330D771243A87BA9C2182F41059931","category":"characterExpressions","data":{"name":"Embarassed","index":"B3EA33B679CE7740A8780EC897A68ADD902B","idleTime":{"start":0,"end":0},"idleSpeed":100,"idle":[{"resource":{"name":"DanielDate_Embarassed"}}],"talking":[]},"id":"B3EA33B679CE7740A8780EC897A68ADD902B"},"summary":["name","type","order"]}