{"uid":"B4DE50AB9B58414E470A804190EEF824E625","isLoaded":true,"lastModificationTime":0,"items":{"id":"gs.PauseTimer","displayName":"$$5C480B30066EE64A313ABE7257E84D418C01","group":"$$2DCE5AEAK657FA4F5BS8EC3EA543DC123D24","subGroup":"$$F891A99C6C33364D583BBBA74E1CB73F0BAE","defaultValue":{"number":0},"quickItems":[{"type":"GSQStepper","variableButton":true,"label":"$$C287D490K9B01A4407SA616EF2726CA43B52","attribute":"number"}],"rawContent":"{\n    \"id\": \"gs.PauseTimer\",\n    \"displayName\": \"$$5C480B30066EE64A313ABE7257E84D418C01\",\n    \"group\": \"$$2DCE5AEAK657FA4F5BS8EC3EA543DC123D24\",\n    \"subGroup\": \"$$F891A99C6C33364D583BBBA74E1CB73F0BAE\",\n    \"defaultValue\": { \"number\": 0 },\n    \"quickItems\": [\n        {\n            \"type\": \"GSQStepper\",\n            \"variableButton\": true,\n            \"label\": \"$$C287D490K9B01A4407SA616EF2726CA43B52\",\n            \"attribute\": \"number\"\n        }\n    ]\n}","name":"Pause Timer","type":"event_command","parentId":"97163D89K8F9DA45ADSA51CE47DE4ECE311C","order":20},"summary":["name","type"]}