{"uid":"B6798D83797BB04B598A693401B9E16A3717","isLoaded":true,"lastModificationTime":0,"items":{"name":"Embarassed","type":"data_record","order":2,"parentId":"0A60C4A848E55249D568BAD26838690DB827","category":"characterExpressions","data":{"name":"Embarassed","index":"B6798D83797BB04B598A693401B9E16A3717","idleTime":{"start":0,"end":0},"idleSpeed":100,"idle":[{"resource":{"name":"JaneUniform_Embarassed"}}],"talking":[]},"id":"B6798D83797BB04B598A693401B9E16A3717"},"summary":["name","type","order"]}