{
    "uid": "B72365CFKE31AA44ECS81CBE26F4D3FC7B8D",
    "isLoaded": true,
    "lastModificationTime": 0,
    "items": {
        "name": "Template_MessageBoxMenu",
        "type": "game_script",
        "order": 1,
        "parentId": "2A0E8A67K5BAAA4D7AS9017ED220E9EFFCA7",
        "folder": false,
        "content": "ui.UiFactory.customTypes[\"ui.MessageBoxMenu\"] = {\n    \"type\": \"ui.FreeLayout\",\n    \"order\": 85000,\n    \"id\": \"msgmenu\",\n    \"sizeToFit\": true,\n    \"controls\": [\n        {\n           \"type\": \"ui.Window\",\n           \"color\": [0, 0, 0, 128],\n           \"frame\": [0, 0, 140, 270],\n           \"order\": 0,\n           \"params\": { \"zIndex\": 5000 },\n           \"zIndex\": 85000\n        },\n        {\n            \"type\": \"ui.StackLayout\",\n            \"orientation\": \"vertical\",\n            \"order\": 10,\n            \"frame\": [0, 0, 128, 230],\n            \"controls\": [\n                {\n                   \"type\": \"ui.MessageOptionButton\",\n                   \"formulas\": [$ -> o.ui.enabled = $dataFields.settings.allowSkip],\n                   \"params\": { \"label\": { \"lcId\": \"3A58B0DB84DB0549FD09EDF6F0FF0730D8DE\", \"defaultText\": \"Skip\" }, \"write\": $ -> $dataFields.tempSettings.skip = !$dataFields.tempSettings.skip },\n                   \"margin\": [10, 5, 0, 0],\n                   \"order\": 80001,\n                },\n                {\n                   \"type\": \"ui.MessageOptionButton\",\n                   \"formulas\": [$ -> o.ui.enabled = $dataFields.tempSettings.backlogAccess],\n                   \"id\": \"logButton\",\n                   \"margin\": [10, 10, 0, 0],\n                   \"params\": { \n                        \"label\": { \"lcId\": \"BF92F3296C66164227197FB3BF1E1B09E0D8\", \"defaultText\": \"Log\" }, \n                        \"write\": $ -> $dataFields.tempSettings.logOpened = !$dataFields.tempSettings.logOpened\n                        \"action2\": { \n                           \"condition\": { \"field\": ($ -> !$dataFields.tempSettings.logOpened), \"equalTo\": true }, \"name\": \"disposeControl\", \"params\": ($ -> 'backlog') \n                        }, \n                        \"action1\":  { \n                           \"condition\": { \"field\": ($ -> $dataFields.tempSettings.logOpened), \"equalTo\": true },\n                           \"name\": \"createControl\", \n                           \"params\": { \n                               \"parent\": -> p.messageBox.parent,\n                               \"descriptor\": \"ui.MessageBacklogBox\"\n                            }\n                        }\n                    }\n                },\n                {\n                   \"type\": \"ui.Text\",\n                   \"formulas\": [$ -> o.ui.enabled = $dataFields.tempSettings.saveMenuAccess],\n                   \"id\": \"saveButton\",\n                   #\"components\": [{ \"type\": \"Component_HotspotBehavior\", \"params\": {\"sound\": \"$dataFields.database.system.menuSelectSound\"} }],\n                   \"style\": \"regularUIText\",\n                   \"actions\": [\n                       { \"name\": \"prepareSaveGame\", \"params\": { \"snapshot\": true } },\n                       { \"name\": \"switchLayout\", \"params\": { \"name\": \"saveMenuLayout\", \"savePrevious\": true } }\n                    ],\n                   \"text\": { \"lcId\": \"5316D6C90CB9924AE64A39889235D22D5FEE\", \"defaultText\": \"Save\" },\n                   \"sizeToFit\": true,\n                   \"margin\": [60, 16, 0, 0]\n                },\n                {\n                   \"type\": \"ui.Text\",\n                   \"formulas\": [$ -> o.ui.enabled = $dataFields.tempSettings.loadMenuAccess],\n                   \"styles\": [\"regularUIText\"],\n                   \"action\": { \"name\": \"switchLayout\", \"params\": { \"name\": \"loadMenuLayout\", \"savePrevious\": true }},\n                   \"text\": { \"lcId\": \"9622E9805409534DB8381610238C95564F30\", \"defaultText\": \"Load\" },\n                   \"sizeToFit\": true,\n                   \"margin\": [60, 16, 0, 0]\n                },\n                {\n                   \"type\": \"ui.Text\",\n                   \"styles\": [\"regularUIText\"],\n                   \"text\": { \"lcId\": \"D2632CD54402D8462F597DD75E51050ED0C3\", \"defaultText\": \"Title\" },\n                   \"sizeToFit\": true,\n                   \"actions\": [\n                       { \"name\": \"createControl\", \"params\": { \"descriptor\": { \n                            \"id\": \"confirmationDialog\",\n                            \"type\": \"ui.ConfirmationDialog\",\n                            \"zIndex\": 90000,\n                            \"params\": { \n                                \"message\": { \"lcId\": \"ABC85CC3669B83481309BDF44B98EF11B59B\", \"defaultText\": \"Do you really want to exit?\" },\n                                \"acceptActions\": [{\"name\":\"exitGame\"},{\"name\": \"switchLayout\", \"params\": { \"name\": \"titleLayout\" } }] , \n                                \"rejectActions\": [{\"name\":\"disposeControl\",\"params\":($ -> 'confirmationDialog')}]}\n                        } } }\n                   ],    \n                   \"margin\": [60, 16, 0, 0]\n                }\n            ],\n            \"zIndex\": 86000\n        }\n    ]\n}",
        "compiledContent": "// Generated by CoffeeScript 1.12.7\n(function() {\n  ui.UiFactory.customTypes[\"ui.MessageBoxMenu\"] = {\n    \"type\": \"ui.FreeLayout\",\n    \"order\": 85000,\n    \"id\": \"msgmenu\",\n    \"sizeToFit\": true,\n    \"controls\": [\n      {\n        \"type\": \"ui.Window\",\n        \"color\": [0, 0, 0, 128],\n        \"frame\": [0, 0, 140, 270],\n        \"order\": 0,\n        \"params\": {\n          \"zIndex\": 5000\n        },\n        \"zIndex\": 85000\n      }, {\n        \"type\": \"ui.StackLayout\",\n        \"orientation\": \"vertical\",\n        \"order\": 10,\n        \"frame\": [0, 0, 128, 230],\n        \"controls\": [\n          {\n            \"type\": \"ui.MessageOptionButton\",\n            \"formulas\": [\n              $(function() {\n                return o.ui.enabled = $dataFields.settings.allowSkip;\n              })\n            ],\n            \"params\": {\n              \"label\": {\n                \"lcId\": \"3A58B0DB84DB0549FD09EDF6F0FF0730D8DE\",\n                \"defaultText\": \"Skip\"\n              },\n              \"write\": $(function() {\n                return $dataFields.tempSettings.skip = !$dataFields.tempSettings.skip;\n              })\n            },\n            \"margin\": [10, 5, 0, 0],\n            \"order\": 80001\n          }, {\n            \"type\": \"ui.MessageOptionButton\",\n            \"formulas\": [\n              $(function() {\n                return o.ui.enabled = $dataFields.tempSettings.backlogAccess;\n              })\n            ],\n            \"id\": \"logButton\",\n            \"margin\": [10, 10, 0, 0],\n            \"params\": {\n              \"label\": {\n                \"lcId\": \"BF92F3296C66164227197FB3BF1E1B09E0D8\",\n                \"defaultText\": \"Log\"\n              },\n              \"write\": $(function() {\n                return $dataFields.tempSettings.logOpened = !$dataFields.tempSettings.logOpened;\n              }),\n              \"action2\": {\n                \"condition\": {\n                  \"field\": $(function() {\n                    return !$dataFields.tempSettings.logOpened;\n                  }),\n                  \"equalTo\": true\n                },\n                \"name\": \"disposeControl\",\n                \"params\": $(function() {\n                  return 'backlog';\n                })\n              },\n              \"action1\": {\n                \"condition\": {\n                  \"field\": $(function() {\n                    return $dataFields.tempSettings.logOpened;\n                  }),\n                  \"equalTo\": true\n                },\n                \"name\": \"createControl\",\n                \"params\": {\n                  \"parent\": function() {\n                    return p.messageBox.parent;\n                  },\n                  \"descriptor\": \"ui.MessageBacklogBox\"\n                }\n              }\n            }\n          }, {\n            \"type\": \"ui.Text\",\n            \"formulas\": [\n              $(function() {\n                return o.ui.enabled = $dataFields.tempSettings.saveMenuAccess;\n              })\n            ],\n            \"id\": \"saveButton\",\n            \"style\": \"regularUIText\",\n            \"actions\": [\n              {\n                \"name\": \"prepareSaveGame\",\n                \"params\": {\n                  \"snapshot\": true\n                }\n              }, {\n                \"name\": \"switchLayout\",\n                \"params\": {\n                  \"name\": \"saveMenuLayout\",\n                  \"savePrevious\": true\n                }\n              }\n            ],\n            \"text\": {\n              \"lcId\": \"5316D6C90CB9924AE64A39889235D22D5FEE\",\n              \"defaultText\": \"Save\"\n            },\n            \"sizeToFit\": true,\n            \"margin\": [60, 16, 0, 0]\n          }, {\n            \"type\": \"ui.Text\",\n            \"formulas\": [\n              $(function() {\n                return o.ui.enabled = $dataFields.tempSettings.loadMenuAccess;\n              })\n            ],\n            \"styles\": [\"regularUIText\"],\n            \"action\": {\n              \"name\": \"switchLayout\",\n              \"params\": {\n                \"name\": \"loadMenuLayout\",\n                \"savePrevious\": true\n              }\n            },\n            \"text\": {\n              \"lcId\": \"9622E9805409534DB8381610238C95564F30\",\n              \"defaultText\": \"Load\"\n            },\n            \"sizeToFit\": true,\n            \"margin\": [60, 16, 0, 0]\n          }, {\n            \"type\": \"ui.Text\",\n            \"styles\": [\"regularUIText\"],\n            \"text\": {\n              \"lcId\": \"D2632CD54402D8462F597DD75E51050ED0C3\",\n              \"defaultText\": \"Title\"\n            },\n            \"sizeToFit\": true,\n            \"actions\": [\n              {\n                \"name\": \"createControl\",\n                \"params\": {\n                  \"descriptor\": {\n                    \"id\": \"confirmationDialog\",\n                    \"type\": \"ui.ConfirmationDialog\",\n                    \"zIndex\": 90000,\n                    \"params\": {\n                      \"message\": {\n                        \"lcId\": \"ABC85CC3669B83481309BDF44B98EF11B59B\",\n                        \"defaultText\": \"Do you really want to exit?\"\n                      },\n                      \"acceptActions\": [\n                        {\n                          \"name\": \"exitGame\"\n                        }, {\n                          \"name\": \"switchLayout\",\n                          \"params\": {\n                            \"name\": \"titleLayout\"\n                          }\n                        }\n                      ],\n                      \"rejectActions\": [\n                        {\n                          \"name\": \"disposeControl\",\n                          \"params\": $(function() {\n                            return 'confirmationDialog';\n                          })\n                        }\n                      ]\n                    }\n                  }\n                }\n              }\n            ],\n            \"margin\": [60, 16, 0, 0]\n          }\n        ],\n        \"zIndex\": 86000\n      }\n    ]\n  };\n\n}).call(this);\n"
    },
    "summary": [
        "name",
        "type"
    ],
    "externalItems": []
}