{
    "uid": "B7834F1FK647DA493CS91F8E3B18F4AFE79B",
    "isLoaded": true,
    "lastModificationTime": 0,
    "items": {
        "name": "Layout_Game",
        "type": "game_script",
        "order": 7,
        "parentId": "A588F305KAB2DA4236SB838E7FF9BBA890FD",
        "folder": false,
        "content": "ui.UiFactory.layouts.gameLayout = {\n    \"type\": \"ui.FreeLayout\",\n    \"frame\": [0, 0, Graphics.width, Graphics.height],\n    \"controls\":[\n        {\n            \"type\": \"ui.Panel\",\n            \"frame\": [0, 0, Graphics.width, Graphics.height],\n            \"updateBehavior\": \"continuous\",\n            \"formulas\": [$ -> o.ui.enabled = $dataFields.tempSettings.menuAccess],\n            \"action\": { \n                \"event\": \"onCancel\", \n                \"name\": \"switchLayout\", \n                \"params\": { \"name\": \"settingsMenuLayout\", \"savePrevious\": true }\n            }\n        },\n        {\n            \"type\": \"ui.MessageBox\",\n            \"visible\": no,\n            \"id\": \"messageBox\",\n            \"frame\": [0, 0, Graphics.width, Graphics.height]\n        },\n        {\n            \"type\": \"ui.MessageBoxNVL\",\n            \"visible\": no,\n            \"id\": \"nvlMessageBox\",\n            \"frame\": [0, 0, Graphics.width, Graphics.height]\n        },\n        {\n            \"type\": \"ui.MessageMenu\",\n            \"visible\": no,\n            \"id\": \"messageMenu\",\n            \"frame\": [0, 0, Graphics.width, Graphics.height]\n        },\n        {\n            \"type\": \"ui.GameMessage\",\n            \"id\": \"gameMessage\",\n            \"params\": { \"id\": \"gameMessage\" },\n            \"frame\": [320, Graphics.height - 220]\n        },\n        {\n            \"type\": \"ui.GameMessageNVL\",\n            \"id\": \"nvlGameMessage\",\n            \"params\": { \"id\": \"nvlGameMessage\" },\n            \"frame\": [0, 0]\n        }\n    ]\n}",
        "compiledContent": "// Generated by CoffeeScript 1.12.7\n(function() {\n  ui.UiFactory.layouts.gameLayout = {\n    \"type\": \"ui.FreeLayout\",\n    \"frame\": [0, 0, Graphics.width, Graphics.height],\n    \"controls\": [\n      {\n        \"type\": \"ui.Panel\",\n        \"frame\": [0, 0, Graphics.width, Graphics.height],\n        \"updateBehavior\": \"continuous\",\n        \"formulas\": [\n          $(function() {\n            return o.ui.enabled = $dataFields.tempSettings.menuAccess;\n          })\n        ],\n        \"action\": {\n          \"event\": \"onCancel\",\n          \"name\": \"switchLayout\",\n          \"params\": {\n            \"name\": \"settingsMenuLayout\",\n            \"savePrevious\": true\n          }\n        }\n      }, {\n        \"type\": \"ui.MessageBox\",\n        \"visible\": false,\n        \"id\": \"messageBox\",\n        \"frame\": [0, 0, Graphics.width, Graphics.height]\n      }, {\n        \"type\": \"ui.MessageBoxNVL\",\n        \"visible\": false,\n        \"id\": \"nvlMessageBox\",\n        \"frame\": [0, 0, Graphics.width, Graphics.height]\n      }, {\n        \"type\": \"ui.MessageMenu\",\n        \"visible\": false,\n        \"id\": \"messageMenu\",\n        \"frame\": [0, 0, Graphics.width, Graphics.height]\n      }, {\n        \"type\": \"ui.GameMessage\",\n        \"id\": \"gameMessage\",\n        \"params\": {\n          \"id\": \"gameMessage\"\n        },\n        \"frame\": [320, Graphics.height - 220]\n      }, {\n        \"type\": \"ui.GameMessageNVL\",\n        \"id\": \"nvlGameMessage\",\n        \"params\": {\n          \"id\": \"nvlGameMessage\"\n        },\n        \"frame\": [0, 0]\n      }\n    ]\n  };\n\n}).call(this);\n"
    },
    "summary": [
        "name",
        "type",
        "order"
    ],
    "externalItems": []
}