{"uid":"BA77A09EK7F14A4C2BSA11BE8CC099F00810","isLoaded":true,"lastModificationTime":0,"items":{"name":"Narrator","type":"data_record","order":0,"category":"characters","id":"BA77A09EK7F14A4C2BSA11BE8CC099F00810","isFolder":false,"parentId":"ROOT","data":{"name":{"lcId":"4FB59D09802F904064299CA6C06E97E77484","defaultText":"Narrator"},"textColor":{"red":255,"green":255,"blue":255,"alpha":255},"expressions":[],"index":"BA77A09EK7F14A4C2BSA11BE8CC099F00810","timeTalkingToVoiceVolume":true,"talkingVolume":5,"params":[],"defaultExpressionId":"BF7CB12110894142C299D341A545C910AA86"},"localizableStrings":{"4FB59D09802F904064299CA6C06E97E77484":{"t":"Narrator","d":null}}},"summary":["name","type","order"]}