{"uid":"BE4E4CE97EFE424983089D42E2349399A267","isLoaded":true,"lastModificationTime":0,"items":{"name":"EmbarassedBlush","type":"data_record","order":3,"parentId":"219288664EBFC3403899056383C768AD0901","category":"characterExpressions","data":{"name":"EmbarassedBlush","index":"BE4E4CE97EFE424983089D42E2349399A267","idleTime":{"start":0,"end":0},"idleSpeed":100,"idle":[{"resource":{"name":"LucyUniform_EmbarassedBlush"}}],"talking":[]},"id":"BE4E4CE97EFE424983089D42E2349399A267"},"summary":["name","type","order"]}