{
    "uid": "C2F9A7C9K48FFA4390S9F39E2E3A8A1D7221",
    "isLoaded": true,
    "lastModificationTime": 1421103100860,
    "items": {
        "name": "Constants",
        "type": "game_script",
        "order": 0,
        "content": "",
        "parentId": "ROOT",
        "folder": true,
        "compiledContent": "\n\n//# sourceMappingURL=data:application/json;base64,eyJ2ZXJzaW9uIjozLCJmaWxlIjoiIiwic291cmNlUm9vdCI6IiIsInNvdXJjZXMiOlsiIl0sIm5hbWVzIjpbXSwibWFwcGluZ3MiOiIiLCJzb3VyY2VzQ29udGVudCI6WyIiXX0=\n//# sourceURL=Constants_9.js",
        "decoded": true
    },
    "summary": [
        "name",
        "type",
        "order"
    ]
}