{"uid":"C5C2C722886F484DDD2A0702FF1DD02DB675","isLoaded":true,"lastModificationTime":0,"items":{"name":"EmbarassedBlush","type":"data_record","order":3,"parentId":"4E02788E6DC152410F198097EA9641BF89DA","category":"characterExpressions","data":{"name":"EmbarassedBlush","index":"C5C2C722886F484DDD2A0702FF1DD02DB675","idleTime":{"start":0,"end":0},"idleSpeed":100,"idle":[{"resource":{"name":"JaneYukata_EmbarassedBlush"}}],"talking":[]},"id":"C5C2C722886F484DDD2A0702FF1DD02DB675"},"summary":["name","type","order"]}