{
    "uid": "C7074F7B2689B841798A93A6C614688F15CE",
    "isLoaded": true,
    "lastModificationTime": 0,
    "items": {
        "name": "Object_DataGrid",
        "type": "game_script",
        "order": 13,
        "parentId": "4F9670D7KD392A494FS953DE4377B04AA7A6",
        "folder": false,
        "content": "# ===================================================================\n#\n#   Script: Object_DataGrid\n#\n#   $$COPYRIGHT$$\n#\n# ===================================================================\nclass Object_DataGrid extends ui.Object_UIElement\n    @accessors \"zIndex\", \n        set: (v) -> @zIndex_ = v, \n        get: -> (@zIndex_ || 0) + (if !@parent then 0 else @parent.zIndex || 0)\n        \n     @accessors \"scrollOffsetY\",\n        set: (v) -> \n            if v != @scrollOffsetY_\n                @scrollOffsetY_ = v\n                @needsFullUpdate = yes\n        get: -> @scrollOffsetY_\n        \n    ###*\n    * A data-grid allows to display items from a associated data-source using a specified item-template. \n    * Unlike a stack-layout, a data-grid is optimized to display even high amounts of items but they all\n    * need to use the same item-template with same size.\n    *\n    * @module ui\n    * @class Object_DataGrid\n    * @extends ui.Object_UIElement\n    * @memberof ui\n    * @constructor\n    ###  \n    constructor: (params) ->\n        super()\n        \n        @scrollOffsetY_ = 0\n        ###*\n        * The UI object's animator-component to execute different kind of animations like move, rotate, etc. on it.\n        * @property animator\n        * @type vn.Component_Animator\n        ###\n        @animator = new gs.Animator()\n        \n        ###*\n        * The behavior component to add free-layout specific behavior.\n        * @property behavior\n        * @type gs.Component_FreeLayoutBehavior\n        ###\n        @behavior = new ui.Component_DataGridBehavior(params)\n        \n        ###*\n        * Indicates if the layouts resizes to fit its content.\n        * @property sizeToFit\n        * @type boolean\n        ###\n        @sizeToFit = no\n        \n        @addComponent(@behavior)\n        @addComponent(@animator)\n        \n        \nui.Object_DataGrid = Object_DataGrid",
        "compiledContent": "// Generated by CoffeeScript 1.12.7\n(function() {\n  var Object_DataGrid,\n    extend = function(child, parent) { for (var key in parent) { if (hasProp.call(parent, key)) child[key] = parent[key]; } function ctor() { this.constructor = child; } ctor.prototype = parent.prototype; child.prototype = new ctor(); child.__super__ = parent.prototype; return child; },\n    hasProp = {}.hasOwnProperty;\n\n  Object_DataGrid = (function(superClass) {\n    extend(Object_DataGrid, superClass);\n\n    Object_DataGrid.accessors(\"zIndex\", {\n      set: function(v) {\n        return this.zIndex_ = v;\n      },\n      get: function() {\n        return (this.zIndex_ || 0) + (!this.parent ? 0 : this.parent.zIndex || 0);\n      }\n    });\n\n    Object_DataGrid.accessors(\"scrollOffsetY\", {\n      set: function(v) {\n        if (v !== this.scrollOffsetY_) {\n          this.scrollOffsetY_ = v;\n          return this.needsFullUpdate = true;\n        }\n      },\n      get: function() {\n        return this.scrollOffsetY_;\n      }\n    });\n\n\n    /**\n    * A data-grid allows to display items from a associated data-source using a specified item-template. \n    * Unlike a stack-layout, a data-grid is optimized to display even high amounts of items but they all\n    * need to use the same item-template with same size.\n    *\n    * @module ui\n    * @class Object_DataGrid\n    * @extends ui.Object_UIElement\n    * @memberof ui\n    * @constructor\n     */\n\n    function Object_DataGrid(params) {\n      Object_DataGrid.__super__.constructor.call(this);\n      this.scrollOffsetY_ = 0;\n\n      /**\n      * The UI object's animator-component to execute different kind of animations like move, rotate, etc. on it.\n      * @property animator\n      * @type vn.Component_Animator\n       */\n      this.animator = new gs.Animator();\n\n      /**\n      * The behavior component to add free-layout specific behavior.\n      * @property behavior\n      * @type gs.Component_FreeLayoutBehavior\n       */\n      this.behavior = new ui.Component_DataGridBehavior(params);\n\n      /**\n      * Indicates if the layouts resizes to fit its content.\n      * @property sizeToFit\n      * @type boolean\n       */\n      this.sizeToFit = false;\n      this.addComponent(this.behavior);\n      this.addComponent(this.animator);\n    }\n\n    return Object_DataGrid;\n\n  })(ui.Object_UIElement);\n\n  ui.Object_DataGrid = Object_DataGrid;\n\n}).call(this);\n"
    },
    "summary": [
        "name",
        "type"
    ],
    "externalItems": []
}