{"uid":"CA77B7572DB01543E448EC4203B07E50825E","isLoaded":true,"lastModificationTime":0,"items":{"name":"HappyBlush","type":"data_record","order":5,"parentId":"4E02788E6DC152410F198097EA9641BF89DA","category":"characterExpressions","data":{"name":"HappyBlush","index":"CA77B7572DB01543E448EC4203B07E50825E","idleTime":{"start":0,"end":0},"idleSpeed":100,"idle":[{"resource":{"name":"JaneYukata_HappyBlush"}}],"talking":[]},"id":"CA77B7572DB01543E448EC4203B07E50825E"},"summary":["name","type","order"]}