{"uid":"CC0C6C8B654C074BD06BE9642E97B33294D3","isLoaded":true,"lastModificationTime":0,"items":{"name":"AngryBlush","type":"data_record","order":1,"parentId":"B0A7DACC5562434CA869D25601D957C60A64","category":"characterExpressions","data":{"name":"AngryBlush","index":"CC0C6C8B654C074BD06BE9642E97B33294D3","idleTime":{"start":0,"end":0},"idleSpeed":100,"idle":[{"resource":{"name":"WillowDate_AngryBlush"}}],"talking":[]},"id":"CC0C6C8B654C074BD06BE9642E97B33294D3"},"summary":["name","type","order"]}