{"uid":"CEBE2762323A754B635ADD1262AB14DE6999","isLoaded":true,"lastModificationTime":0,"items":{"name":"Embarassed","type":"data_record","order":1,"parentId":"AB9B9031890752425F1B66902122BE3DF1B8","category":"characterExpressions","data":{"name":"Embarassed","index":"CEBE2762323A754B635ADD1262AB14DE6999","idleTime":{"start":0,"end":0},"idleSpeed":100,"idle":[{"resource":{"name":"SamUniform_Embarassed"}}],"talking":[]},"id":"CEBE2762323A754B635ADD1262AB14DE6999"},"summary":["name","type","order"]}