{
    "uid": "D3325122KACDEA4515SB731E37A42B9D779F",
    "isLoaded": true,
    "lastModificationTime": 0,
    "items": {
        "name": "Components",
        "type": "game_script",
        "order": 3,
        "content": "",
        "parentId": "ROOT",
        "folder": true,
        "compiledContent": "\n\n//# sourceMappingURL=data:application/json;base64,eyJ2ZXJzaW9uIjozLCJmaWxlIjoiIiwic291cmNlUm9vdCI6IiIsInNvdXJjZXMiOlsiIl0sIm5hbWVzIjpbXSwibWFwcGluZ3MiOiIiLCJzb3VyY2VzQ29udGVudCI6WyIiXX0=\n//# sourceURL=Components_47.js",
        "decoded": true
    },
    "summary": [
        "name",
        "type",
        "order"
    ]
}