{"uid":"D5CF752E2A2F544F52797CC22D7CD937EE5A","isLoaded":true,"lastModificationTime":0,"items":{"name":"Embarassed","type":"data_record","order":2,"parentId":"4E02788E6DC152410F198097EA9641BF89DA","category":"characterExpressions","data":{"name":"Embarassed","index":"D5CF752E2A2F544F52797CC22D7CD937EE5A","idleTime":{"start":0,"end":0},"idleSpeed":100,"idle":[{"resource":{"name":"JaneYukata_Embarassed"}}],"talking":[]},"id":"D5CF752E2A2F544F52797CC22D7CD937EE5A"},"summary":["name","type","order"]}