{"uid":"D5DBBA2913EC8441BD4B63E59BADFEDD998A","isLoaded":true,"lastModificationTime":0,"items":{"name":"EmbarassedBlush","type":"data_record","order":1,"parentId":"9B6BD47645C709410C5B1D76A7E855C80E09","category":"characterExpressions","data":{"name":"EmbarassedBlush","index":"D5DBBA2913EC8441BD4B63E59BADFEDD998A","idleTime":{"start":0,"end":0},"idleSpeed":100,"idle":[{"resource":{"name":"SamDate_EmbarassedBlush"}}],"talking":[]},"id":"D5DBBA2913EC8441BD4B63E59BADFEDD998A"},"summary":["name","type","order"]}