{"uid":"D817084774AB154CCE68B7B2587B0058EBFA","isLoaded":true,"lastModificationTime":0,"items":{"name":"Jane","type":"data_record","order":5,"category":"characters","id":"D817084774AB154CCE68B7B2587B0058EBFA","isFolder":false,"parentId":"ROOT","localizableStrings":{"AF3C6710368FE14B8B8BE297DD5F17973E1A":{"t":"Jane","d":null}},"data":{"name":{"lcId":"AF3C6710368FE14B8B8BE297DD5F17973E1A","defaultText":"Jane"},"textColor":{"red":255,"green":255,"blue":255,"alpha":255},"defaultExpressionId":"FD6A75D59550E84C9419CAF77241596B1B02","timeTalkingToVoiceVolume":true,"talkingVolume":5,"params":[],"index":"D817084774AB154CCE68B7B2587B0058EBFA"}},"summary":["name","type","order"]}