{"uid":"DA06DFB06574A74C1D38E8C686D6CB3D9290","isLoaded":true,"lastModificationTime":0,"items":{"name":"Embarassed","type":"data_record","order":2,"parentId":"02C82329348F0741ED1BEB0096C61D16C243","category":"characterExpressions","data":{"name":"Embarassed","index":"DA06DFB06574A74C1D38E8C686D6CB3D9290","idleTime":{"start":0,"end":0},"idleSpeed":100,"idle":[{"resource":{"name":"EmmaYukata_Embarassed"}}],"talking":[]},"id":"DA06DFB06574A74C1D38E8C686D6CB3D9290"},"summary":["name","type","order"]}