{"uid":"DE88D1385B3707472648CFC7659DD0773819","isLoaded":true,"lastModificationTime":0,"items":{"name":"HappyBlush","type":"data_record","order":5,"parentId":"7EB262DA5C8D4242244864881A87D0E00904","category":"characterExpressions","data":{"name":"HappyBlush","index":"DE88D1385B3707472648CFC7659DD0773819","idleTime":{"start":0,"end":0},"idleSpeed":100,"idle":[{"resource":{"name":"EmmaUniform_HappyBlush"}}],"talking":[]},"id":"DE88D1385B3707472648CFC7659DD0773819"},"summary":["name","type","order"]}