{"uid":"E4408A299E90C64C3C7BF6B6F51DD7E73D25","isLoaded":true,"lastModificationTime":0,"items":{"name":"AngryBlush","type":"data_record","order":1,"parentId":"0A60C4A848E55249D568BAD26838690DB827","category":"characterExpressions","data":{"name":"AngryBlush","index":"E4408A299E90C64C3C7BF6B6F51DD7E73D25","idleTime":{"start":0,"end":0},"idleSpeed":100,"idle":[{"resource":{"name":"JaneUniform_AngryBlush"}}],"talking":[]},"id":"E4408A299E90C64C3C7BF6B6F51DD7E73D25"},"summary":["name","type","order"]}