{"uid":"E760BDFC8FAFD14D511A85F81FC2A5141B6F","isLoaded":true,"lastModificationTime":0,"items":{"id":"gs.EndCommonEvent","displayName":"$$11B4E7F27203F6483699AFA46EA87C7B5A7B","group":"$$C1953650K4FD7A4268SB298E0BEFC554D88E","subGroup":"$$936B4D1EK0D9FA4D49SA760EB2BC047C58DB","defaultValue":{"commonEventId":0},"quickItems":[{"label":"","valueFormula":"return fmtRecord('commonEvents', p.commonEventId)","attribute":"commonEventId","identifier":"commonEvent","type":"GSQDataRecordField","dataSource":"commonEvents","variableButton":{"dataSource":"strings"}}],"rawContent":"{\n    \"id\": \"gs.EndCommonEvent\",\n    \"displayName\": \"$$11B4E7F27203F6483699AFA46EA87C7B5A7B\",\n    \"group\": \"$$C1953650K4FD7A4268SB298E0BEFC554D88E\",\n    \"subGroup\": \"$$936B4D1EK0D9FA4D49SA760EB2BC047C58DB\",\n    \"defaultValue\": { \"commonEventId\": 0 },\n    \"quickItems\": [\n        GSQ.CONTROLS.COMMON_EVENT_SELECTION\n    ]\n}","name":"End Common Event","type":"event_command","parentId":"CCC1D58AKA96AA4B0ESA33CE6CCC06CB5662","order":1},"summary":["name","type"]}