{
    "uid": "E819334CKC05AA48CES9D47E463356C8C764",
    "isLoaded": true,
    "lastModificationTime": 0,
    "items": {
        "parentId": "39568CDEK37BDA4AF4SB2BCEC53E3EBBE419",
        "displayName": "$$AAE3743008AB724FAF099B62C124FCD8141E",
        "windowTitle": "$$67B3604CK927EA4C25S9433EDD54150ADEB0",
        "type": "event_command",
        "id": "gs.ListIndexOf",
        "group": "$$C9C23A6E5A74F84FE07940677A0C2E37E13D",
        "subGroup": "$$E110CF2C3DE4154BFD586BB8FB2210EFBBE6",
        "windowSize": {
            "w": 400
        },
        "nodes": [],
        "defaultValue": {
            "valueType": 0,
            "listVariable": {
                "index": 0,
                "scope": 1,
                "domain": "com.degica.vnm.default"
            },
            "targetVariable": {
                "index": 0,
                "scope": 1,
                "domain": "com.degica.vnm.default"
            },
            "numberValue": 0,
            "switchValue": {
                "index": 0,
                "scope": 1,
                "domain": "com.degica.vnm.default"
            },
            "stringValue": {
                "index": 0,
                "scope": 1,
                "domain": "com.degica.vnm.default"
            },
            "listValue": {
                "index": 0,
                "scope": 1,
                "domain": "com.degica.vnm.default"
            }
        },
        "quickItems": [
            {
                "label": "$$C9C23A6E5A74F84FE07940677A0C2E37E13D",
                "valueFormula": "return fmtListVar(p.listVariable)",
                "attribute": "listVariable",
                "identifier": "list",
                "type": "GSQPopupField",
                "dialog": {
                    "uid": "dialog.selectVariable",
                    "parameters": {
                        "dataSource": "lists"
                    }
                }
            },
            {
                "label": "$$89ECAECDK4610A4BF8SA019E8444CA45FAB6",
                "valueFormula": "return GS.CONST.LIST_VARIABLE_VALUE_TYPES[p.valueType]",
                "attribute": "valueType",
                "identifier": "valueType",
                "type": "GSQPopupField",
                "dataSource": [
                    "$$C287D490K9B01A4407SA616EF2726CA43B52",
                    "$$A8B1ECD7K09BAA4FFESB501EEF84B2699ED9",
                    "$$CEA96B0BK6FBBA416BSB00FEDF96A1248489",
                    "$$C9C23A6E5A74F84FE07940677A0C2E37E13D"
                ],
                "showItems": [
                    [
                        "numberValue"
                    ],
                    [
                        "switchValue"
                    ],
                    [
                        "stringValue"
                    ],
                    [
                        "listValue"
                    ]
                ]
            },
            {
                "label": "$$89ECAECDK4610A4BF8SA019E8444CA45FAB6",
                "valueFormula": "return GS.CONST.LIST_VARIABLE_VALUE_TYPES[p.valueType]",
                "attribute": "valueType",
                "identifier": "valueType",
                "type": "GSQPopupField",
                "dataSource": [
                    "$$C287D490K9B01A4407SA616EF2726CA43B52",
                    "$$A8B1ECD7K09BAA4FFESB501EEF84B2699ED9",
                    "$$CEA96B0BK6FBBA416BSB00FEDF96A1248489",
                    "$$C9C23A6E5A74F84FE07940677A0C2E37E13D"
                ],
                "showItems": [
                    [
                        "numberValue"
                    ],
                    [
                        "switchValue"
                    ],
                    [
                        "stringValue"
                    ],
                    [
                        "listValue"
                    ]
                ]
            },
            {
                "label": "",
                "attribute": "numberValue",
                "valueFormula": "return fmtNumVar(p.numberValue)",
                "variableButton": {
                    "dataSource": "numbers"
                },
                "type": "GSQStepper",
                "minimum": -999999999,
                "maximum": 999999999
            },
            {
                "label": "",
                "attribute": "switchValue",
                "valueFormula": "return fmtBoolVar(p.switchValue)",
                "type": "GSQPopupField",
                "dialog": {
                    "uid": "dialog.selectVariable",
                    "parameters": {
                        "dataSource": "booleans"
                    }
                }
            },
            {
                "label": "",
                "attribute": "stringValue",
                "valueFormula": "return fmtStrVar(p.stringValue)",
                "type": "GSQPopupField",
                "dialog": {
                    "uid": "dialog.selectVariable",
                    "parameters": {
                        "dataSource": "strings"
                    }
                }
            },
            {
                "label": "",
                "attribute": "listValue",
                "valueFormula": "return fmtListVar(p.listValue)",
                "type": "GSQPopupField",
                "dialog": {
                    "uid": "dialog.selectVariable",
                    "parameters": {
                        "dataSource": "lists"
                    }
                }
            },
            {
                "type": "GSQPopupField",
                "valueFormula": "return fmtNumVar(p.targetVariable)",
                "label": "$$C412144A3763F74A641A04956273201AB853",
                "attribute": "targetVariable",
                "dialog": {
                    "uid": "dialog.selectVariable",
                    "parameters": {
                        "dataSource": "numbers"
                    }
                }
            }
        ],
        "sections": [],
        "rawContent": "{\n    \"parentId\": \"AFAD6CEFK59C1A4298SBABFE7AEC1B964622\",\n    \"displayName\": \"$$AAE3743008AB724FAF099B62C124FCD8141E\",\n    \"windowTitle\": \"$$67B3604CK927EA4C25S9433EDD54150ADEB0\",\n    \"type\": \"event_command\",\n    \"id\": \"gs.ListIndexOf\",\n    \"group\": \"$$C9C23A6E5A74F84FE07940677A0C2E37E13D\",\n    \"subGroup\": \"$$E110CF2C3DE4154BFD586BB8FB2210EFBBE6\",\n    \"windowSize\": {\n        \"w\": 400\n    },\n    \"nodes\": [\n    ],\n    \"defaultValue\": { \"valueType\": 0, \"listVariable\": GS.CONST.DEFAULT_VARIABLE_DATA, \"targetVariable\": GS.CONST.DEFAULT_VARIABLE_DATA, \"numberValue\": 0, \"switchValue\": GS.CONST.DEFAULT_VARIABLE_DATA, \"stringValue\": GS.CONST.DEFAULT_VARIABLE_DATA, \"listValue\": GS.CONST.DEFAULT_VARIABLE_DATA },\n    \"quickItems\": [\n        GSQ.CONTROLS.LIST_VARIABLE_SELECTION,\n        GSQ.CONTROLS.LIST_VARIABLE_VALUE_TYPE\n    ].concat(GSQ.CONTROLS.LIST_VARIABLE_VALUE_SELECTION).concat([\n        {\n            \"type\": \"GSQPopupField\",\n            \"valueFormula\": \"return fmtNumVar(p.targetVariable)\",\n            \"label\": \"$$C412144A3763F74A641A04956273201AB853\",\n            \"attribute\": \"targetVariable\",\n            \"dialog\": { \"uid\": \"dialog.selectVariable\", \"parameters\": { \"dataSource\": \"numbers\" }}\n        }\n    ]),\n    \"sections\": [\n    ]\n}",
        "name": "Find in List",
        "order": 6
    },
    "summary": [
        "name",
        "type"
    ]
}