{
    "uid": "EA42D2D7212A33408C39AF1582CA441BF8A1",
    "isLoaded": true,
    "lastModificationTime": 0,
    "items": {
        "name": "Object_MessageArea",
        "type": "game_script",
        "order": 21,
        "parentId": "A05E7029K45DBA459BSADF4EEC07A526241A",
        "folder": false,
        "scriptType": 0,
        "content": "# ===================================================================\n#\n#   Script: Object_MessageArea\n#\n#   $$COPYRIGHT$$\n#\n# ===================================================================\nclass Object_MessageArea extends gs.Object_Visual\n    @objectCodecBlackList = [\"parent\", \"layout\", \"message\"]\n    \n    @toDataBundle: (object, context) ->\n        return { message: gs.ObjectCodec.encode(object.message, context), layout: { dstRect: gs.Rect.fromObject(object.layout.dstRect) } }\n        \n    ###*\n    * A game object used for message areas in a scene.\n    *\n    * @module gs\n    * @class Object_MessageArea\n    * @extends gs.Object_Visual\n    * @memberof gs\n    * @constructor\n    ###\n    constructor: (parent, data, type) ->\n        super(data)\n        \n        @layout = null\n        @message = null\n        \n        @addComponent(new gs.Component_Container())\n    \n   \ngs.Object_MessageArea = Object_MessageArea",
        "compiledContent": "// Generated by CoffeeScript 1.12.7\n(function() {\n  var Object_MessageArea,\n    extend = function(child, parent) { for (var key in parent) { if (hasProp.call(parent, key)) child[key] = parent[key]; } function ctor() { this.constructor = child; } ctor.prototype = parent.prototype; child.prototype = new ctor(); child.__super__ = parent.prototype; return child; },\n    hasProp = {}.hasOwnProperty;\n\n  Object_MessageArea = (function(superClass) {\n    extend(Object_MessageArea, superClass);\n\n    Object_MessageArea.objectCodecBlackList = [\"parent\", \"layout\", \"message\"];\n\n    Object_MessageArea.toDataBundle = function(object, context) {\n      return {\n        message: gs.ObjectCodec.encode(object.message, context),\n        layout: {\n          dstRect: gs.Rect.fromObject(object.layout.dstRect)\n        }\n      };\n    };\n\n\n    /**\n    * A game object used for message areas in a scene.\n    *\n    * @module gs\n    * @class Object_MessageArea\n    * @extends gs.Object_Visual\n    * @memberof gs\n    * @constructor\n     */\n\n    function Object_MessageArea(parent, data, type) {\n      Object_MessageArea.__super__.constructor.call(this, data);\n      this.layout = null;\n      this.message = null;\n      this.addComponent(new gs.Component_Container());\n    }\n\n    return Object_MessageArea;\n\n  })(gs.Object_Visual);\n\n  gs.Object_MessageArea = Object_MessageArea;\n\n}).call(this);\n"
    },
    "summary": [
        "name",
        "type",
        "order"
    ],
    "externalItems": []
}