{"uid":"EB4097C259CFB545457BFD073FFA1774E3E0","isLoaded":true,"lastModificationTime":0,"items":{"name":"HappyBlush","type":"data_record","order":5,"parentId":"02C82329348F0741ED1BEB0096C61D16C243","category":"characterExpressions","data":{"name":"HappyBlush","index":"EB4097C259CFB545457BFD073FFA1774E3E0","idleTime":{"start":0,"end":0},"idleSpeed":100,"idle":[{"resource":{"name":"EmmaYukata_HappyBlush"}}],"talking":[]},"id":"EB4097C259CFB545457BFD073FFA1774E3E0"},"summary":["name","type","order"]}