{
    "uid": "ED1E69CB1F5C784B4289C170D52715863DEE",
    "isLoaded": true,
    "lastModificationTime": 0,
    "items": {
        "name": "Object_DomainContainer",
        "type": "game_script",
        "order": 8,
        "parentId": "A05E7029K45DBA459BSADF4EEC07A526241A",
        "folder": false,
        "scriptType": 0,
        "content": "# ===================================================================\n#\n#   Script: Object_DomainContainer\n#\n#   $$COPYRIGHT$$\n#\n# ===================================================================\nclass Object_DomainContainer extends gs.Object_Base\n    ###*\n    * A game object which can contain other game objects by domain.\n    *\n    * @module gs\n    * @class Object_DomainContainer\n    * @extends gs.Object_Base\n    * @memberof gs\n    * @constructor\n    ###\n    constructor: (disposeBehavior) ->\n        super\n    \n        ###*\n        * All sub-objects by domain. The default domain is an empty string.\n        * @property subObjectsByDomain\n        * @type Object\n        ###\n        @subObjectsByDomain = { \"com.degica.vnm.default\": @subObjects }\n        \n        ###*\n        * The container's behavior component.\n        * @property behavior\n        * @type gs.Component_DomainContainer\n        ###\n        @behavior = new gs.Component_DomainContainer(disposeBehavior)\n    \n        @addComponent(@behavior)\n        \ngs.Object_DomainContainer = Object_DomainContainer",
        "compiledContent": "// Generated by CoffeeScript 1.12.7\n(function() {\n  var Object_DomainContainer,\n    extend = function(child, parent) { for (var key in parent) { if (hasProp.call(parent, key)) child[key] = parent[key]; } function ctor() { this.constructor = child; } ctor.prototype = parent.prototype; child.prototype = new ctor(); child.__super__ = parent.prototype; return child; },\n    hasProp = {}.hasOwnProperty;\n\n  Object_DomainContainer = (function(superClass) {\n    extend(Object_DomainContainer, superClass);\n\n\n    /**\n    * A game object which can contain other game objects by domain.\n    *\n    * @module gs\n    * @class Object_DomainContainer\n    * @extends gs.Object_Base\n    * @memberof gs\n    * @constructor\n     */\n\n    function Object_DomainContainer(disposeBehavior) {\n      Object_DomainContainer.__super__.constructor.apply(this, arguments);\n\n      /**\n      * All sub-objects by domain. The default domain is an empty string.\n      * @property subObjectsByDomain\n      * @type Object\n       */\n      this.subObjectsByDomain = {\n        \"com.degica.vnm.default\": this.subObjects\n      };\n\n      /**\n      * The container's behavior component.\n      * @property behavior\n      * @type gs.Component_DomainContainer\n       */\n      this.behavior = new gs.Component_DomainContainer(disposeBehavior);\n      this.addComponent(this.behavior);\n    }\n\n    return Object_DomainContainer;\n\n  })(gs.Object_Base);\n\n  gs.Object_DomainContainer = Object_DomainContainer;\n\n}).call(this);\n"
    },
    "summary": [
        "name",
        "type",
        "order"
    ],
    "externalItems": []
}