{
    "uid": "EE2BD68CKE836A4627SB01DE53C6696689F4",
    "isLoaded": true,
    "lastModificationTime": 0,
    "items": {
        "name": "DataSource_Default",
        "type": "game_script",
        "order": 0,
        "parentId": "A4664246K6D96A4561S9B3CE7A586E60407B",
        "folder": false,
        "content": "ui.UiFactory.dataSources.default = -> {\n    \"database\": RecordManager,\n    \"settings\": GameManager.settings,\n    \"tempSettings\": GameManager.tempSettings,\n    \"globalData\": GameManager.globalData,\n    \"backlog\": GameManager.backlog,\n    \"saveGameSlots\": GameManager.saveGameSlots,\n    \"scene\": GameManager.scene,\n    \"languages\": LanguageManager.languages,\n    \"chapters\": GameManager.chapters.where((c) -> RecordManager.cgGalleryArray.first((cg) -> cg.relationData?.chapter.uid == c.uid) != null),\n    \"textInputPages\": ui.Helper.generateTextInputPages(),\n    \"cgGalleryByChapter\": RecordManager.cgGalleryArray.groupBy( (x) -> x?.relationData?.chapter.uid || \"\" ).toDictionary( ((x) -> x?[0]?.relationData?.chapter.uid || \"\"), ((x) -> x) )\n}",
        "compiledContent": "// Generated by CoffeeScript 1.12.7\n(function() {\n  ui.UiFactory.dataSources[\"default\"] = function() {\n    return {\n      \"database\": RecordManager,\n      \"settings\": GameManager.settings,\n      \"tempSettings\": GameManager.tempSettings,\n      \"globalData\": GameManager.globalData,\n      \"backlog\": GameManager.backlog,\n      \"saveGameSlots\": GameManager.saveGameSlots,\n      \"scene\": GameManager.scene,\n      \"languages\": LanguageManager.languages,\n      \"chapters\": GameManager.chapters.where(function(c) {\n        return RecordManager.cgGalleryArray.first(function(cg) {\n          var ref;\n          return ((ref = cg.relationData) != null ? ref.chapter.uid : void 0) === c.uid;\n        }) !== null;\n      }),\n      \"textInputPages\": ui.Helper.generateTextInputPages(),\n      \"cgGalleryByChapter\": RecordManager.cgGalleryArray.groupBy(function(x) {\n        var ref;\n        return (x != null ? (ref = x.relationData) != null ? ref.chapter.uid : void 0 : void 0) || \"\";\n      }).toDictionary((function(x) {\n        var ref, ref1;\n        return (x != null ? (ref = x[0]) != null ? (ref1 = ref.relationData) != null ? ref1.chapter.uid : void 0 : void 0 : void 0) || \"\";\n      }), (function(x) {\n        return x;\n      }))\n    };\n  };\n\n}).call(this);\n"
    },
    "summary": [
        "name",
        "type",
        "order"
    ],
    "externalItems": []
}