{"uid":"F094254B82F54448383861E2207459A6B42F","isLoaded":true,"lastModificationTime":0,"items":{"name":"EmbarassedBlush","type":"data_record","order":3,"parentId":"FAB727881722964AA4589698F41C6AC30C33","category":"characterExpressions","data":{"name":"EmbarassedBlush","index":"F094254B82F54448383861E2207459A6B42F","idleTime":{"start":0,"end":0},"idleSpeed":100,"idle":[{"resource":{"name":"WillowUniform_EmbarassedBlush"}}],"talking":[]},"id":"F094254B82F54448383861E2207459A6B42F"},"summary":["name","type","order"]}