{"uid":"F12DF01E0BCC1441A29B0CA840801436F5FB","isLoaded":true,"lastModificationTime":0,"items":{"name":"Embarassed","type":"data_record","order":1,"parentId":"A541F4637F46414A2E481A824A95CB65CFE4","category":"characterExpressions","data":{"name":"Embarassed","index":"F12DF01E0BCC1441A29B0CA840801436F5FB","idleTime":{"start":0,"end":0},"idleSpeed":100,"idle":[{"resource":{"name":"SamGlassesYukata_Embarassed"}}],"talking":[]},"id":"F12DF01E0BCC1441A29B0CA840801436F5FB"},"summary":["name","type","order"]}