{
    "uid": "F4EBE0BEKD75CA4D54S8989E79195093571F",
    "isLoaded": true,
    "lastModificationTime": 0,
    "items": {
        "name": "Template_MessageOptionButton",
        "type": "game_script",
        "order": 7,
        "parentId": "2A0E8A67K5BAAA4D7AS9017ED220E9EFFCA7",
        "folder": false,
        "content": "ui.UiFactory.customTypes[\"ui.MessageOptionButton\"] = {\n    \"type\": \"ui.StackLayout\",\n    \"sizeToFit\": true,\n    \"style\": \"messageOptionButton\",\n    \"controls\": [\n        {\n            \"type\": \"ui.Image\",\n            \"inheritProperties\": true,\n            \"selectable\": true,\n            \"style\": \"messageOptionButton\",\n            \"image\": gs.UIConstants.OPTION_BUTTON_MSG_IMAGE_OFF,\n            \"actions\": [\n                { \n                    \"name\": \"executeFormulas\", \n                    \"params\": [\n                        $ -> o.parent.params.write.exec()\n                        $ -> o.parent.controls[1].ui.selected = o.ui.selected\n                    ] \n                },\n                -> p.action1,\n                -> p.action2\n            ],\n            \"margin\": [0, 0, 11, 0]\n        },\n        {\n            \"type\": \"ui.Text\",\n            \"inheritProperties\": true,\n            \"sizeToFit\": true,\n            \"style\": \"regularUIText\",\n            \"selectable\": true,\n            \"actions\": [\n                { \n                    \"name\": \"executeFormulas\", \n                    \"params\": [\n                        $ -> o.parent.params.write.exec()\n                        $ -> o.parent.controls[0].ui.selected = !o.parent.controls[0].ui.selected\n                        $ -> o.ui.selected = o.parent.controls[0].ui.selected\n                    ] \n                },\n                -> p.action1\n                -> p.action2\n            ],\n            \"alignmentY\": \"center\",\n            \"text\": -> p.label\n        }\n    ]\n}",
        "compiledContent": "// Generated by CoffeeScript 1.12.7\n(function() {\n  ui.UiFactory.customTypes[\"ui.MessageOptionButton\"] = {\n    \"type\": \"ui.StackLayout\",\n    \"sizeToFit\": true,\n    \"style\": \"messageOptionButton\",\n    \"controls\": [\n      {\n        \"type\": \"ui.Image\",\n        \"inheritProperties\": true,\n        \"selectable\": true,\n        \"style\": \"messageOptionButton\",\n        \"image\": gs.UIConstants.OPTION_BUTTON_MSG_IMAGE_OFF,\n        \"actions\": [\n          {\n            \"name\": \"executeFormulas\",\n            \"params\": [\n              $(function() {\n                return o.parent.params.write.exec();\n              }), $(function() {\n                return o.parent.controls[1].ui.selected = o.ui.selected;\n              })\n            ]\n          }, function() {\n            return p.action1;\n          }, function() {\n            return p.action2;\n          }\n        ],\n        \"margin\": [0, 0, 11, 0]\n      }, {\n        \"type\": \"ui.Text\",\n        \"inheritProperties\": true,\n        \"sizeToFit\": true,\n        \"style\": \"regularUIText\",\n        \"selectable\": true,\n        \"actions\": [\n          {\n            \"name\": \"executeFormulas\",\n            \"params\": [\n              $(function() {\n                return o.parent.params.write.exec();\n              }), $(function() {\n                return o.parent.controls[0].ui.selected = !o.parent.controls[0].ui.selected;\n              }), $(function() {\n                return o.ui.selected = o.parent.controls[0].ui.selected;\n              })\n            ]\n          }, function() {\n            return p.action1;\n          }, function() {\n            return p.action2;\n          }\n        ],\n        \"alignmentY\": \"center\",\n        \"text\": function() {\n          return p.label;\n        }\n      }\n    ]\n  };\n\n}).call(this);\n"
    },
    "summary": [
        "name",
        "type",
        "order"
    ],
    "externalItems": []
}