{"uid":"F69FB54D1ED69543E14A1BA156594F10C249","isLoaded":true,"lastModificationTime":0,"items":{"name":"WorriedBlush","type":"data_record","order":9,"parentId":"B9EFFCFE3822E74A346ACAA2D9EBBB33AA75","category":"characterExpressions","data":{"name":"WorriedBlush","index":"F69FB54D1ED69543E14A1BA156594F10C249","idleTime":{"start":0,"end":0},"idleSpeed":100,"idle":[{"resource":{"name":"Jeremy_WorriedBlush"}}],"talking":[]},"id":"F69FB54D1ED69543E14A1BA156594F10C249"},"summary":["name","type","order"]}