{"uid":"F803B41B3BE0424DED5B4F510CD22562D242","isLoaded":true,"lastModificationTime":0,"items":{"id":"gs.AudioDefaults","displayName":"$$4E3AC230428D6446C15B53759FEA354B125B","group":"$$42B163D5K15C1A4737SA896EB7D0DDAA19AC","subGroup":"$$9B8BB0A1KF746A4031S9AABE92F5A3AB5ED5","defaultValue":{"musicVolume":100,"musicPlaybackRate":100,"musicFadeInDuration":0,"musicFadeOutDuration":0,"soundVolume":100,"soundPlaybackRate":100,"voiceVolume":100,"voicePlaybackRate":100},"quickItems":[{"label":"$$C68EC09F1E9A444CA248D0B4BD9A5F8B996F","lockable":true,"valueFormula":"return fmtDuration(p.musicFadeInDuration)","valueTranslator":{"write":"return v / 1000 * GS.CONST.GAME_FRAME_RATE","read":"return ROUND(v / GS.CONST.GAME_FRAME_RATE * 1000)"},"attribute":"musicFadeInDuration","minimum":0,"maximum":999999999,"type":"GSQStepper"},{"label":"$$153029221BBE384874781061015802F1C3BA","lockable":true,"valueFormula":"return fmtDuration(p.musicFadeOutDuration)","valueTranslator":{"write":"return v / 1000 * GS.CONST.GAME_FRAME_RATE","read":"return ROUND(v / GS.CONST.GAME_FRAME_RATE * 1000)"},"attribute":"musicFadeOutDuration","minimum":0,"maximum":999999999,"type":"GSQStepper"}],"expandedView":{"columns":[{"sections":[{"label":"$$P136","rows":[{"items":[{"label":"$$P141","lockable":true,"valueFormula":"return p.musicVolume + '%';","attribute":"musicVolume","minimum":0,"maximum":100,"type":"GSQStepper"}]},{"items":[{"label":"$$P142","lockable":true,"valueFormula":"return p.musicPlaybackRate + '%';","attribute":"musicPlaybackRate","minimum":50,"maximum":150,"type":"GSQStepper"}]}]}]},{"sections":[{"label":"$$8FDFEA30K0102A46B5S8271EE34632EFFFF4","rows":[{"items":[{"label":"$$P141","lockable":true,"valueFormula":"return p.soundVolume + '%';","attribute":"soundVolume","minimum":0,"maximum":100,"type":"GSQStepper"}]},{"items":[{"label":"$$P142","lockable":true,"valueFormula":"return p.soundPlaybackRate + '%';","attribute":"soundPlaybackRate","minimum":50,"maximum":150,"type":"GSQStepper"}]}]}]},{"sections":[{"label":"$$9A11A7A89FAF6747576B3C910EA4ECD5EBC7","rows":[{"items":[{"label":"$$P141","lockable":true,"valueFormula":"return p.voiceVolume + '%';","attribute":"voiceVolume","minimum":0,"maximum":100,"type":"GSQStepper"}]},{"items":[{"label":"$$P142","lockable":true,"valueFormula":"return p.voicePlaybackRate + '%';","attribute":"voicePlaybackRate","minimum":50,"maximum":150,"type":"GSQStepper"}]}]}]}]},"rawContent":"{\n    \"id\": \"gs.AudioDefaults\",\n    \"displayName\": \"$$4E3AC230428D6446C15B53759FEA354B125B\",\n    \"group\": \"$$42B163D5K15C1A4737SA896EB7D0DDAA19AC\",\n    \"subGroup\": \"$$9B8BB0A1KF746A4031S9AABE92F5A3AB5ED5\",\n    \"defaultValue\": { \"musicVolume\": 100, \"musicPlaybackRate\": 100, \"musicFadeInDuration\": 0, \"musicFadeOutDuration\": 0, \"soundVolume\": 100, \"soundPlaybackRate\": 100,\"voiceVolume\": 100, \"voicePlaybackRate\": 100 },\n    \"quickItems\": [\n        Object.override(GSQ.CONTROLS.AUDIO_FADE_IN, { \"label\": \"$$C68EC09F1E9A444CA248D0B4BD9A5F8B996F\", \"valueFormula\": \"return fmtDuration(p.musicFadeInDuration)\", \"attribute\": \"musicFadeInDuration\" }),\n        Object.override(GSQ.CONTROLS.AUDIO_FADE_OUT, {  \"label\": \"$$153029221BBE384874781061015802F1C3BA\", \"valueFormula\": \"return fmtDuration(p.musicFadeOutDuration)\", \"attribute\": \"musicFadeOutDuration\" })\n    ],\n    \"expandedView\": {\n        \"columns\": [\n            {\n                \"sections\": [\n                    {\n                        \"label\": \"$$P136\",\n                        \"rows\": [\n                            {\n                                \"items\": [\n                                    {\n                                        \"label\": \"$$P141\",\n                                        \"lockable\": true,\n                                        \"valueFormula\": \"return p.musicVolume + '%';\",\n                                        \"attribute\": \"musicVolume\",\n                                        \"minimum\": 0,\n                                        \"maximum\": 100,\n                                        \"type\": \"GSQStepper\"\n                                    }\n                                ]\n                            },\n                            {\n                                \"items\": [\n                                    {\n                                        \"label\": \"$$P142\",\n                                        \"lockable\": true,\n                                        \"valueFormula\": \"return p.musicPlaybackRate + '%';\",\n                                        \"attribute\": \"musicPlaybackRate\",\n                                        \"minimum\": 50,\n                                        \"maximum\": 150,\n                                        \"type\": \"GSQStepper\"\n                                    }\n                                ]\n                            }\n                        ]\n                    }\n                ]\n            },\n            {\n                \"sections\": [\n                    {\n                        \"label\": \"$$8FDFEA30K0102A46B5S8271EE34632EFFFF4\",\n                        \"rows\": [\n                            {\n                                \"items\": [\n                                    {\n                                        \"label\": \"$$P141\",\n                                        \"lockable\": true,\n                                        \"valueFormula\": \"return p.soundVolume + '%';\",\n                                        \"attribute\": \"soundVolume\",\n                                        \"minimum\": 0,\n                                        \"maximum\": 100,\n                                        \"type\": \"GSQStepper\"\n                                    }\n                                ]\n                            },\n                            {\n                                \"items\": [\n                                    {\n                                        \"label\": \"$$P142\",\n                                        \"lockable\": true,\n                                        \"valueFormula\": \"return p.soundPlaybackRate + '%';\",\n                                        \"attribute\": \"soundPlaybackRate\",\n                                        \"minimum\": 50,\n                                        \"maximum\": 150,\n                                        \"type\": \"GSQStepper\"\n                                    }\n                                ]\n                            }\n                        ]\n                    } \n                ]\n            },\n            {\n                \"sections\": [\n                    {\n                        \"label\": \"$$9A11A7A89FAF6747576B3C910EA4ECD5EBC7\",\n                        \"rows\": [\n                            {\n                                \"items\": [\n                                    {\n                                        \"label\": \"$$P141\",\n                                        \"lockable\": true,\n                                        \"valueFormula\": \"return p.voiceVolume + '%';\",\n                                        \"attribute\": \"voiceVolume\",\n                                        \"minimum\": 0,\n                                        \"maximum\": 100,\n                                        \"type\": \"GSQStepper\"\n                                    }\n                                ]\n                            },\n                            {\n                                \"items\": [\n                                    {\n                                        \"label\": \"$$P142\",\n                                        \"lockable\": true,\n                                        \"valueFormula\": \"return p.voicePlaybackRate + '%';\",\n                                        \"attribute\": \"voicePlaybackRate\",\n                                        \"minimum\": 50,\n                                        \"maximum\": 150,\n                                        \"type\": \"GSQStepper\"\n                                    }\n                                ]\n                            }\n                        ]\n                    } \n                ]\n            }\n        ]\n        \n    }\n}","name":"Audio Defaults","type":"event_command","parentId":"4F83188DK2895A4449SBAF7E09712D75291C","order":5},"summary":["name","type"]}