{"uid":"FABBDAA473FA764AFD186312445CFD5F2DFD","isLoaded":true,"lastModificationTime":0,"items":{"name":"Sam","type":"data_record","order":10,"category":"characters","id":"FABBDAA473FA764AFD186312445CFD5F2DFD","isFolder":false,"parentId":"ROOT","localizableStrings":{"3FBE31641993E14A4338497025C51024C8B0":{"t":"","d":null},"9AE05457693E9145D94A50767EA6186FC696":{"t":"Sam","d":null}},"data":{"name":{"lcId":"9AE05457693E9145D94A50767EA6186FC696","defaultText":"Sam"},"textColor":{"red":255,"green":255,"blue":255,"alpha":255},"defaultExpressionId":"97EE102F82C066477D892A7342D99D556474","timeTalkingToVoiceVolume":true,"talkingVolume":5,"params":[],"index":"FABBDAA473FA764AFD186312445CFD5F2DFD"}},"summary":["name","type","order"]}