{"uid":"FABC2B84K6537A41A8S87F3E0A041EBD9FA6","isLoaded":true,"lastModificationTime":0,"items":{"displayName":"$$CD7A8812K9084A4C33SBE93E601EA5239285","id":"gs.ConditionElse","group":"$$2DCE5AEAK657FA4F5BS8EC3EA543DC123D24","subGroup":"$$0982629273001344698BD7512598CADED0B4","isContainer":true,"defaultValue":{},"quickItems":[],"rawContent":"{\n    \"displayName\": \"$$CD7A8812K9084A4C33SBE93E601EA5239285\",\n    \"id\": \"gs.ConditionElse\",\n    \"group\": \"$$2DCE5AEAK657FA4F5BS8EC3EA543DC123D24\",\n    \"subGroup\": \"$$0982629273001344698BD7512598CADED0B4\",\n    \"isContainer\": true,\n    \"defaultValue\": {},\n    \"quickItems\": [\n    ]\n}","name":"Else","type":"event_command","parentId":"97163D89K8F9DA45ADSA51CE47DE4ECE311C","order":15},"summary":["name","type"]}