{"uid":"FC1930800642064D2468130859A2019F98B5","isLoaded":true,"lastModificationTime":0,"items":{"windowTitle":"$$66D1CBDDK0FAEA4C91S86F5ED19F664F8C92","windowSize":{"w":400},"sections":[{"include":"22E0BB326702B84AF95BEAC0E5D75E1A9858"},{"name":"$$9B8BB0A1KF746A4031S9AABE92F5A3AB5ED5","identifier":"positionSection","noBorder":false,"column":0,"items":[{"type":"GSCheckBox","identifier":"flipped","text":"$$B3FD2AAA285DE943153AEB474FD525FB2E04","attribute":"horizontalFlip","frame":[0,0],"group":"labels"}]}],"rawContent":"{\n    \"windowTitle\": \"$$66D1CBDDK0FAEA4C91S86F5ED19F664F8C92\",\n    \"windowSize\": {\n        \"w\": 400\n    },\n    \"sections\": [\n        { \"include\": \"22E0BB326702B84AF95BEAC0E5D75E1A9858\" },\n        {\n            \"name\": \"$$9B8BB0A1KF746A4031S9AABE92F5A3AB5ED5\",\n            \"identifier\": \"positionSection\",\n            \"noBorder\": false,\n            \"column\": 0,\n            \"items\": [\n                {\n                    \"type\": \"GSCheckBox\",\n                    \"identifier\": \"flipped\",\n                    \"text\": \"$$B3FD2AAA285DE943153AEB474FD525FB2E04\",\n                    \"attribute\": \"horizontalFlip\",\n                    \"frame\": [0, 0],\n                    \"group\": \"labels\"\n                }\n            ]\n        }\n    ]\n}","name":"Default Cell Properties","type":"custom_view","parentId":"AC1ABDCBK050BA4863S9964E3DC378247DAD","order":36},"summary":["name","type"]}