{"uid":"FD1AB8451AEF704EAF8BAD9550F05117314F","isLoaded":true,"lastModificationTime":0,"items":{"name":"ScaredBlush","type":"data_record","order":11,"parentId":"B0A7DACC5562434CA869D25601D957C60A64","category":"characterExpressions","data":{"name":"ScaredBlush","index":"FD1AB8451AEF704EAF8BAD9550F05117314F","idleTime":{"start":0,"end":0},"idleSpeed":100,"idle":[{"resource":{"name":"WillowDate_ScaredBlush"}}],"talking":[]},"id":"FD1AB8451AEF704EAF8BAD9550F05117314F"},"summary":["name","type","order"]}