{
    "uid": "FD44B2D7K6D26A4C65SA039E9FBE4DB83D7E",
    "isLoaded": true,
    "lastModificationTime": 0,
    "items": {
        "name": "Layout_SettingsMessage",
        "type": "game_script",
        "order": 5,
        "parentId": "A588F305KAB2DA4236SB838E7FF9BBA890FD",
        "folder": false,
        "content": "ui.UiFactory.layouts.settingsMessage = {\n    \"type\": \"ui.FreeLayout\",\n    \"frame\": [0, 0, Graphics.width, Graphics.height],\n    \"preload\": { graphics: [name: $ -> $dataFields.database.system.menuBackground.name or 'bg-generic'] },\n    \"controls\": [\n        {\n            \"executeFieldFormulas\": true,\n            \"type\": \"ui.Image\",\n            \"image\": -> $dataFields.database.system.menuBackground.name or 'bg-generic',\n            \"frame\": [0, 0, Graphics.width, Graphics.height]\n        },\n        {\n            \"type\": \"ui.BackButton\",\n            \"frame\": [Graphics.width - 170, Graphics.height - 65, 150, 45]\n        },\n        {\n            \"type\": \"ui.TitledWindow\",\n            \"frame\": [\n                gs.UIConstants.LAYOUT_SETTINGS_WINDOW_X, \n                0, \n                gs.UIConstants.LAYOUT_SETTINGS_WINDOW_W, \n                Graphics.height\n            ],\n            \"params\": { \"title\": { \"lcId\": \"B5E0981F6D6A9240653B23A0D09B3383048E\", \"defaultText\": \"Message Settings\" } }\n        },\n        {\n            \"type\": \"ui.VerticalScrollView\",\n            \"id\": \"settingsScrollView\",\n            \"frame\": [\n                gs.UIConstants.LAYOUT_SETTINGS_WINDOW_X, \n                45, \n                gs.UIConstants.LAYOUT_SETTINGS_WINDOW_W, \n                Graphics.height - 45 - 10\n            ],\n            \"params\": {\n                \"dataField\": 1,\n                \"template\": {\n                    \"type\": \"ui.StackLayout\",\n                    \"orientation\": \"vertical\",\n                    \"sizeToFit\": true,\n                    \"controls\": [\n                        {\n                            \"type\": \"ui.StackLayout\",\n                            \"orientation\": \"vertical\",\n                            \"sizeToFit\": true,\n                            \"controls\": [\n                                { \"type\": \"ui.SettingsStepSlider\", \"params\": { \"label\": { \"lcId\": \"179347604CAF0640628824725774FFBD07B6\", \"defaultText\": \"Message Speed\" }, \"steps\": 6, \"write\": ($ (v) -> $dataFields.settings.messageSpeed = v), \"read\": ($ -> Math.round($dataFields.settings.messageSpeed)), \"data\": \n                                    [\n                                        { \"lcId\": \"41A878A74A390447FB9AB956122AD13373D1\", \"defaultText\": \"Slowest\" }, \n                                        { \"lcId\": \"3D840F7D30D472419059F342ACF0C846B0ED\", \"defaultText\": \"Slow\" }, \n                                        { \"lcId\": \"12C3DA314B22614AC67890D37019784EDFA9\", \"defaultText\": \"Normal\" }, \n                                        { \"lcId\": \"889AFB7C545AE8477889E11480BE6871ECA1\", \"defaultText\": \"Fast\" }, \n                                        { \"lcId\": \"DE5E3CF01CDA784C378B428533F4D6E03C96\", \"defaultText\": \"Fastest\" },\n                                        { \"lcId\": \"FB31C7F852F3C04DE95AD7E4D3ABA68B14BA\", \"defaultText\": \"Instant\" }\n                                    ] \n                                } },\n                                { \"type\": \"ui.SettingsOptionSet\", \"params\": { \"label\": { \"lcId\": \"ED439B0C58174541F17B79280D5763C674AB\", \"defaultText\": \"Auto-Message\" }, \"group\": \"autoMessage\", \"write\": ($ (v) -> $dataFields.settings.autoMessage.enabled = v), \"read\": ($ -> $dataFields.settings.autoMessage.enabled) } },\n                                { \"type\": \"ui.SettingsStepSlider\", \"params\": { \"label\": { \"lcId\": \"D073E5F78F4FF8423249BBC5E61064361B09\", \"defaultText\": \"Auto-Message Duration\" }, \"group\": \"autoMessageDuration\", \"write\": ($ (v) -> $dataFields.settings.autoMessage.time = v), \"read\": ($ -> $dataFields.settings.autoMessage.time), \"data\": \n                                    [\n                                        { \"lcId\": \"4FE0B4B30E8789487D7B88D2839ECBCE5C70\", \"defaultText\": \"1 Second\" }, \n                                        { \"lcId\": \"1C20A916753BC840952864867489B576DBD5\", \"defaultText\": \"2 Seconds\" }, \n                                        { \"lcId\": \"FBF01A7B3C1BB2489F2B2D0581A257A102E6\", \"defaultText\": \"3 Seconds\" }, \n                                        { \"lcId\": \"DE0D08A67E84B1476E4A1B604CB64E4BC942\", \"defaultText\": \"4 Seconds\" }, \n                                        { \"lcId\": \"964CF20A55D2F3404B389B67AAF1CDA51656\", \"defaultText\": \"5 Seconds\" }\n                                    ] \n                                } },\n                                { \"type\": \"ui.SettingsOptionSet\", \"params\": { \"label\": { \"lcId\": \"994D4B5C1BFA5445385B8AE32706997132F1\", \"defaultText\": { \"lcId\": \"994D4B5C1BFA5445385B8AE32706997132F1\", \"defaultText\": \"Wait for Voice\" } }, \"group\": \"waitForVoice\", \"write\": ($ (v) -> $dataFields.settings.autoMessage.waitForVoice = v), \"read\": ($ -> $dataFields.settings.autoMessage.waitForVoice) } },\n                                { \"type\": \"ui.SettingsOptionSet\", \"params\": { \"label\": { \"lcId\": \"BF3E948519A9084E721AF585C8C7D51235A7\", \"defaultText\": { \"lcId\": \"BF3E948519A9084E721AF585C8C7D51235A7\", \"defaultText\": \"Stop on Click\" } }, \"group\": \"stopOnAction\", \"write\": ($ (v) -> $dataFields.settings.autoMessage.stopOnAction = v), \"read\": ($ -> $dataFields.settings.autoMessage.stopOnAction) } },\n                                { \"type\": \"ui.SettingsOptionSet\", \"params\": { \"label\": { \"lcId\": \"3538F7E582FC20467E7947F77FB45789115E\", \"defaultText\": { \"lcId\": \"3538F7E582FC20467E7947F77FB45789115E\", \"defaultText\": \"Time Message to Voice\" } }, \"group\": \"timeMessageToVoice\", \"write\": ($ (v) -> $dataFields.settings.timeMessageToVoice = v), \"read\": ($ -> $dataFields.settings.timeMessageToVoice) } }\n                            ]\n                        },\n                        {\n                            \"type\": \"ui.StackLayout\",\n                            \"orientation\": \"vertical\",\n                            \"sizeToFit\": true,\n                            \"controls\": [\n                                {\n                                    \"type\": \"ui.StackLayout\",\n                                    \"orientation\": \"vertical\",\n                                    \"sizeToFit\": true,\n                                    \"controls\": [\n                                        { \n                                            \"type\": \"ui.Text\", \n                                            \"text\": { \"lcId\": \"0B7D6CF76F833444EF39BBC8B590114C97A4\", \"defaultText\": \"Skip\" }, \n                                            \"styles\": [\"regularUIText\"], \n                                            \"frame\": [0, 0, 220, 37],\n                                            \"margin\": [10, 0, 0, 0], \n                                            \"alignmentY\": \"top\" \n                                        },\n                                        {\n                                            \"type\": \"ui.StackLayout\",\n                                            \"sizeToFit\": true,\n                                            \"controls\": [\n                                                { \n                                                    \"type\": \"ui.OptionButton\", \n                                                    \"params\": { \n                                                        \"label\": { \"lcId\": \"C138CE3C9564C54707492AA264690B5BBB90\", \"defaultText\": \"Videos\" }, \n                                                        \"write\": $ (v) -> $dataFields.settings.allowVideoSkip = v\n                                                        \"read\": $ -> $dataFields.settings.allowVideoSkip\n                                                    }\n                                                },\n                                                { \n                                                    \"type\": \"ui.OptionButton\", \n                                                    \"params\": { \n                                                        \"label\": { \"lcId\": \"E4A4BA053854774F582852D558E4E5C23AC5\", \"defaultText\": \"Voices\" }, \n                                                        \"write\": $ (v) -> $dataFields.settings.skipVoiceOnAction = v\n                                                        \"read\": $ -> $dataFields.settings.skipVoiceOnAction\n                                                    } \n                                                }\n                                            ]\n                                        },\n                                        {\n                                            \"type\": \"ui.StackLayout\",\n                                            \"sizeToFit\": true,\n                                            \"controls\": [\n                                                { \n                                                    \"type\": \"ui.OptionButton\", \n                                                    \"params\": { \n                                                        \"label\": { \"lcId\": \"469C50C92465724C9F48BD86BB799E781F3C\", \"defaultText\": \"Unread\" }, \n                                                        \"write\": $ (v) -> $dataFields.settings.allowSkipUnreadMessages = v\n                                                        \"read\": $ -> $dataFields.settings.allowSkipUnreadMessages\n                                                    } \n                                                },\n                                                { \n                                                    \"type\": \"ui.OptionButton\", \n                                                    \"params\": { \n                                                        \"label\": { \"lcId\": \"F84B92944EA3354A49184BF155F42220FE9B\", \"defaultText\": \"Choices\" }, \n                                                        \"write\": $ (v) -> $dataFields.settings.allowChoiceSkip = v\n                                                        \"read\": $ -> $dataFields.settings.allowChoiceSkip\n                                                    } \n                                                }\n                                            ]\n                                        }\n                                    ]\n                                }\n                            ]\n                        }\n                    ]\n                }\n            }\n        }\n    ]\n}",
        "compiledContent": "// Generated by CoffeeScript 1.12.7\n(function() {\n  ui.UiFactory.layouts.settingsMessage = {\n    \"type\": \"ui.FreeLayout\",\n    \"frame\": [0, 0, Graphics.width, Graphics.height],\n    \"preload\": {\n      graphics: [\n        {\n          name: $(function() {\n            return $dataFields.database.system.menuBackground.name || 'bg-generic';\n          })\n        }\n      ]\n    },\n    \"controls\": [\n      {\n        \"executeFieldFormulas\": true,\n        \"type\": \"ui.Image\",\n        \"image\": function() {\n          return $dataFields.database.system.menuBackground.name || 'bg-generic';\n        },\n        \"frame\": [0, 0, Graphics.width, Graphics.height]\n      }, {\n        \"type\": \"ui.BackButton\",\n        \"frame\": [Graphics.width - 170, Graphics.height - 65, 150, 45]\n      }, {\n        \"type\": \"ui.TitledWindow\",\n        \"frame\": [gs.UIConstants.LAYOUT_SETTINGS_WINDOW_X, 0, gs.UIConstants.LAYOUT_SETTINGS_WINDOW_W, Graphics.height],\n        \"params\": {\n          \"title\": {\n            \"lcId\": \"B5E0981F6D6A9240653B23A0D09B3383048E\",\n            \"defaultText\": \"Message Settings\"\n          }\n        }\n      }, {\n        \"type\": \"ui.VerticalScrollView\",\n        \"id\": \"settingsScrollView\",\n        \"frame\": [gs.UIConstants.LAYOUT_SETTINGS_WINDOW_X, 45, gs.UIConstants.LAYOUT_SETTINGS_WINDOW_W, Graphics.height - 45 - 10],\n        \"params\": {\n          \"dataField\": 1,\n          \"template\": {\n            \"type\": \"ui.StackLayout\",\n            \"orientation\": \"vertical\",\n            \"sizeToFit\": true,\n            \"controls\": [\n              {\n                \"type\": \"ui.StackLayout\",\n                \"orientation\": \"vertical\",\n                \"sizeToFit\": true,\n                \"controls\": [\n                  {\n                    \"type\": \"ui.SettingsStepSlider\",\n                    \"params\": {\n                      \"label\": {\n                        \"lcId\": \"179347604CAF0640628824725774FFBD07B6\",\n                        \"defaultText\": \"Message Speed\"\n                      },\n                      \"steps\": 6,\n                      \"write\": $(function(v) {\n                        return $dataFields.settings.messageSpeed = v;\n                      }),\n                      \"read\": $(function() {\n                        return Math.round($dataFields.settings.messageSpeed);\n                      }),\n                      \"data\": [\n                        {\n                          \"lcId\": \"41A878A74A390447FB9AB956122AD13373D1\",\n                          \"defaultText\": \"Slowest\"\n                        }, {\n                          \"lcId\": \"3D840F7D30D472419059F342ACF0C846B0ED\",\n                          \"defaultText\": \"Slow\"\n                        }, {\n                          \"lcId\": \"12C3DA314B22614AC67890D37019784EDFA9\",\n                          \"defaultText\": \"Normal\"\n                        }, {\n                          \"lcId\": \"889AFB7C545AE8477889E11480BE6871ECA1\",\n                          \"defaultText\": \"Fast\"\n                        }, {\n                          \"lcId\": \"DE5E3CF01CDA784C378B428533F4D6E03C96\",\n                          \"defaultText\": \"Fastest\"\n                        }, {\n                          \"lcId\": \"FB31C7F852F3C04DE95AD7E4D3ABA68B14BA\",\n                          \"defaultText\": \"Instant\"\n                        }\n                      ]\n                    }\n                  }, {\n                    \"type\": \"ui.SettingsOptionSet\",\n                    \"params\": {\n                      \"label\": {\n                        \"lcId\": \"ED439B0C58174541F17B79280D5763C674AB\",\n                        \"defaultText\": \"Auto-Message\"\n                      },\n                      \"group\": \"autoMessage\",\n                      \"write\": $(function(v) {\n                        return $dataFields.settings.autoMessage.enabled = v;\n                      }),\n                      \"read\": $(function() {\n                        return $dataFields.settings.autoMessage.enabled;\n                      })\n                    }\n                  }, {\n                    \"type\": \"ui.SettingsStepSlider\",\n                    \"params\": {\n                      \"label\": {\n                        \"lcId\": \"D073E5F78F4FF8423249BBC5E61064361B09\",\n                        \"defaultText\": \"Auto-Message Duration\"\n                      },\n                      \"group\": \"autoMessageDuration\",\n                      \"write\": $(function(v) {\n                        return $dataFields.settings.autoMessage.time = v;\n                      }),\n                      \"read\": $(function() {\n                        return $dataFields.settings.autoMessage.time;\n                      }),\n                      \"data\": [\n                        {\n                          \"lcId\": \"4FE0B4B30E8789487D7B88D2839ECBCE5C70\",\n                          \"defaultText\": \"1 Second\"\n                        }, {\n                          \"lcId\": \"1C20A916753BC840952864867489B576DBD5\",\n                          \"defaultText\": \"2 Seconds\"\n                        }, {\n                          \"lcId\": \"FBF01A7B3C1BB2489F2B2D0581A257A102E6\",\n                          \"defaultText\": \"3 Seconds\"\n                        }, {\n                          \"lcId\": \"DE0D08A67E84B1476E4A1B604CB64E4BC942\",\n                          \"defaultText\": \"4 Seconds\"\n                        }, {\n                          \"lcId\": \"964CF20A55D2F3404B389B67AAF1CDA51656\",\n                          \"defaultText\": \"5 Seconds\"\n                        }\n                      ]\n                    }\n                  }, {\n                    \"type\": \"ui.SettingsOptionSet\",\n                    \"params\": {\n                      \"label\": {\n                        \"lcId\": \"994D4B5C1BFA5445385B8AE32706997132F1\",\n                        \"defaultText\": {\n                          \"lcId\": \"994D4B5C1BFA5445385B8AE32706997132F1\",\n                          \"defaultText\": \"Wait for Voice\"\n                        }\n                      },\n                      \"group\": \"waitForVoice\",\n                      \"write\": $(function(v) {\n                        return $dataFields.settings.autoMessage.waitForVoice = v;\n                      }),\n                      \"read\": $(function() {\n                        return $dataFields.settings.autoMessage.waitForVoice;\n                      })\n                    }\n                  }, {\n                    \"type\": \"ui.SettingsOptionSet\",\n                    \"params\": {\n                      \"label\": {\n                        \"lcId\": \"BF3E948519A9084E721AF585C8C7D51235A7\",\n                        \"defaultText\": {\n                          \"lcId\": \"BF3E948519A9084E721AF585C8C7D51235A7\",\n                          \"defaultText\": \"Stop on Click\"\n                        }\n                      },\n                      \"group\": \"stopOnAction\",\n                      \"write\": $(function(v) {\n                        return $dataFields.settings.autoMessage.stopOnAction = v;\n                      }),\n                      \"read\": $(function() {\n                        return $dataFields.settings.autoMessage.stopOnAction;\n                      })\n                    }\n                  }, {\n                    \"type\": \"ui.SettingsOptionSet\",\n                    \"params\": {\n                      \"label\": {\n                        \"lcId\": \"3538F7E582FC20467E7947F77FB45789115E\",\n                        \"defaultText\": {\n                          \"lcId\": \"3538F7E582FC20467E7947F77FB45789115E\",\n                          \"defaultText\": \"Time Message to Voice\"\n                        }\n                      },\n                      \"group\": \"timeMessageToVoice\",\n                      \"write\": $(function(v) {\n                        return $dataFields.settings.timeMessageToVoice = v;\n                      }),\n                      \"read\": $(function() {\n                        return $dataFields.settings.timeMessageToVoice;\n                      })\n                    }\n                  }\n                ]\n              }, {\n                \"type\": \"ui.StackLayout\",\n                \"orientation\": \"vertical\",\n                \"sizeToFit\": true,\n                \"controls\": [\n                  {\n                    \"type\": \"ui.StackLayout\",\n                    \"orientation\": \"vertical\",\n                    \"sizeToFit\": true,\n                    \"controls\": [\n                      {\n                        \"type\": \"ui.Text\",\n                        \"text\": {\n                          \"lcId\": \"0B7D6CF76F833444EF39BBC8B590114C97A4\",\n                          \"defaultText\": \"Skip\"\n                        },\n                        \"styles\": [\"regularUIText\"],\n                        \"frame\": [0, 0, 220, 37],\n                        \"margin\": [10, 0, 0, 0],\n                        \"alignmentY\": \"top\"\n                      }, {\n                        \"type\": \"ui.StackLayout\",\n                        \"sizeToFit\": true,\n                        \"controls\": [\n                          {\n                            \"type\": \"ui.OptionButton\",\n                            \"params\": {\n                              \"label\": {\n                                \"lcId\": \"C138CE3C9564C54707492AA264690B5BBB90\",\n                                \"defaultText\": \"Videos\"\n                              },\n                              \"write\": $(function(v) {\n                                return $dataFields.settings.allowVideoSkip = v;\n                              }),\n                              \"read\": $(function() {\n                                return $dataFields.settings.allowVideoSkip;\n                              })\n                            }\n                          }, {\n                            \"type\": \"ui.OptionButton\",\n                            \"params\": {\n                              \"label\": {\n                                \"lcId\": \"E4A4BA053854774F582852D558E4E5C23AC5\",\n                                \"defaultText\": \"Voices\"\n                              },\n                              \"write\": $(function(v) {\n                                return $dataFields.settings.skipVoiceOnAction = v;\n                              }),\n                              \"read\": $(function() {\n                                return $dataFields.settings.skipVoiceOnAction;\n                              })\n                            }\n                          }\n                        ]\n                      }, {\n                        \"type\": \"ui.StackLayout\",\n                        \"sizeToFit\": true,\n                        \"controls\": [\n                          {\n                            \"type\": \"ui.OptionButton\",\n                            \"params\": {\n                              \"label\": {\n                                \"lcId\": \"469C50C92465724C9F48BD86BB799E781F3C\",\n                                \"defaultText\": \"Unread\"\n                              },\n                              \"write\": $(function(v) {\n                                return $dataFields.settings.allowSkipUnreadMessages = v;\n                              }),\n                              \"read\": $(function() {\n                                return $dataFields.settings.allowSkipUnreadMessages;\n                              })\n                            }\n                          }, {\n                            \"type\": \"ui.OptionButton\",\n                            \"params\": {\n                              \"label\": {\n                                \"lcId\": \"F84B92944EA3354A49184BF155F42220FE9B\",\n                                \"defaultText\": \"Choices\"\n                              },\n                              \"write\": $(function(v) {\n                                return $dataFields.settings.allowChoiceSkip = v;\n                              }),\n                              \"read\": $(function() {\n                                return $dataFields.settings.allowChoiceSkip;\n                              })\n                            }\n                          }\n                        ]\n                      }\n                    ]\n                  }\n                ]\n              }\n            ]\n          }\n        }\n      }\n    ]\n  };\n\n}).call(this);\n"
    },
    "summary": [
        "name",
        "type"
    ],
    "externalItems": []
}