{"uid":"FDDFF9AAKF1ADA458FSB366ECF6C0AFD7B82","isLoaded":true,"lastModificationTime":0,"items":{"displayName":"$$9BD532B3445E17486F8BA754900A8C149EDE","id":"gs.PictureMotionBlur","group":"$$8E805C42KAAEBA4E2ASAFEBE14638DCA0760","subGroup":"$$9B8BB0A1KF746A4031S9AABE92F5A3AB5ED5","defaultValue":{"numberDomain":"com.degica.vnm.default","number":0,"motionBlur":{"enabled":0,"delay":2,"opacity":100,"dissolveSpeed":3}},"quickItems":[{"label":"$$C287D490K9B01A4407SA616EF2726CA43B52","identifier":"number","variableButton":{"dataSource":"numbers"},"domainButton":true,"type":"GSQStepper","attribute":"number","minimum":0,"maximum":999999999},{"label":"$$39F3501D5398B243109AC4E68EA163812B38","lockable":true,"type":"GSQCheckBox","attribute":"motionBlur.enabled","valueFormula":"return GS.CONST.YES_NO[p.motionBlur.enabled]","enableItems":["motionBlur.delay","motionBlur.dissolveSpeed","motionBlur.opacity"]},{"label":"$$4DAD1BF70B09254B8C7898E012FD7FAF15CC","type":"GSQStepper","attribute":"motionBlur.delay","minimum":1,"maximum":1000},{"label":"$$BE21611B4A0B334CE4092F34651F62808466","type":"GSQStepper","attribute":"motionBlur.dissolveSpeed","minimum":1,"maximum":255},{"label":"$$P176","type":"GSQStepper","attribute":"motionBlur.opacity","minimum":1,"maximum":255}],"rawContent":"{\n    \"displayName\": \"$$9BD532B3445E17486F8BA754900A8C149EDE\",\n    \"id\": \"gs.PictureMotionBlur\",\n    \"group\": \"$$8E805C42KAAEBA4E2ASAFEBE14638DCA0760\",\n    \"subGroup\": \"$$9B8BB0A1KF746A4031S9AABE92F5A3AB5ED5\",\n    \"defaultValue\": { \"numberDomain\": GS.CONST.DEFAULT_DOMAIN, \"number\": 0, \"motionBlur\": GS.CONST.DEFAULT_MOTION_BLUR_DATA },\n    \"quickItems\": ([GSQ.CONTROLS.GRAPHIC_OBJECT_NUMBER]).concat(GSQ.CONTROLS.MOTION_BLUR),\n}","name":"Picture Motion Blur","type":"event_command","parentId":"0FEBB76EK401BA41A4S99B1E2346601143E2","order":15},"summary":["name","type"]}