{
    "uid": "FF363DC26272454516591678B7D64481592C",
    "isLoaded": true,
    "lastModificationTime": 0,
    "items": {
        "name": "Template_SettingsStepSlider",
        "type": "game_script",
        "order": 11,
        "parentId": "2A0E8A67K5BAAA4D7AS9017ED220E9EFFCA7",
        "folder": false,
        "content": "ui.UiFactory.customTypes[\"ui.SettingsStepSlider\"] = {\n    \"type\": \"ui.StackLayout\",\n    \"sizeToFit\": true,\n    \"orientation\": \"vertical\",\n    \"margin\": [10, 10, 0, 0], \n    \"controls\": [\n        { \n            \"type\": \"ui.Text\", \n            \"text\": -> p.label, \n            \"styles\": [\"regularUIText\"], \n            \"frame\": [0, 0, 350, gs.UIConstants.OPTION_BUTTON_H - 30],\n            \"margin\": [0, 0, 0, 0]\n        },\n        { \n            \"type\": \"ui.StepSlider\",\n            \"frame\": [40, 0, gs.UIConstants.LAYOUT_SETTINGS_WINDOW_W - 150, gs.UIConstants.OPTION_BUTTON_H + 30], \n            \"params\": { \"actions\": [], \"write\": (-> p.write), \"read\": (-> p.read), \"steps\": (-> p.steps ? 5), \"data\": -> p.data   } \n        }\n    ]\n}",
        "compiledContent": "// Generated by CoffeeScript 1.12.7\n(function() {\n  ui.UiFactory.customTypes[\"ui.SettingsStepSlider\"] = {\n    \"type\": \"ui.StackLayout\",\n    \"sizeToFit\": true,\n    \"orientation\": \"vertical\",\n    \"margin\": [10, 10, 0, 0],\n    \"controls\": [\n      {\n        \"type\": \"ui.Text\",\n        \"text\": function() {\n          return p.label;\n        },\n        \"styles\": [\"regularUIText\"],\n        \"frame\": [0, 0, 350, gs.UIConstants.OPTION_BUTTON_H - 30],\n        \"margin\": [0, 0, 0, 0]\n      }, {\n        \"type\": \"ui.StepSlider\",\n        \"frame\": [40, 0, gs.UIConstants.LAYOUT_SETTINGS_WINDOW_W - 150, gs.UIConstants.OPTION_BUTTON_H + 30],\n        \"params\": {\n          \"actions\": [],\n          \"write\": (function() {\n            return p.write;\n          }),\n          \"read\": (function() {\n            return p.read;\n          }),\n          \"steps\": (function() {\n            var ref;\n            return (ref = p.steps) != null ? ref : 5;\n          }),\n          \"data\": function() {\n            return p.data;\n          }\n        }\n      }\n    ]\n  };\n\n}).call(this);\n"
    },
    "summary": [
        "name",
        "type"
    ],
    "externalItems": []
}