{"uid":"Itaju","lastModificationTime":1414432303930,"items":{"name":"Itaju User Settings","type":"user_settings","data":{"battleTest":{"members":[{"name":"1. Member","actor":0,"level":1,"weaponId":0,"headArmorId":0,"bodyArmorId":16,"shieldId":0,"accessoryId":0,"local.data.actor":0,"local.data.level":1,"local.data.weaponId":0,"local.data.headArmorId":0,"local.data.bodyArmorId":16,"local.data.shieldId":0,"local.data.accessoryId":0},{"name":"2. Member","actor":1,"level":1,"weaponId":8,"headArmorId":null,"bodyArmorId":16,"shieldId":null,"accessoryId":0,"local.data.actor":1,"local.data.level":1,"local.data.weaponId":8,"local.data.headArmorId":null,"local.data.bodyArmorId":16,"local.data.shieldId":null,"local.data.accessoryId":0},{"name":"3. Member","actor":null,"level":1,"weaponId":0,"headArmorId":0,"bodyArmorId":0,"shieldId":0,"accessoryId":0,"local.data.actor":null,"local.data.level":1,"local.data.weaponId":0,"local.data.headArmorId":0,"local.data.bodyArmorId":0,"local.data.shieldId":0,"local.data.accessoryId":0},{"name":"4. Member","actor":null,"level":1,"weaponId":0,"headArmorId":0,"bodyArmorId":0,"shieldId":0,"accessoryId":0,"local.data.actor":null,"local.data.level":1,"local.data.weaponId":0,"local.data.headArmorId":0,"local.data.bodyArmorId":0,"local.data.shieldId":0,"local.data.accessoryId":0}]},"name":{"lcId":"3C58F147I16E7T4B0BAA6B5JA0E2563C08E3","defaultText":"2x Werewolf"},"backgroundGraphic":{"name":"battle_bottom","hue":0,"opacity":255,"blending":0,"tone":{"red":0,"green":0,"blue":0,"grey":0}},"members":[{"x":6,"y":100,"id":0,"hidden":false,"flip":false},{"x":53,"y":65,"id":0,"hidden":false,"flip":false}],"pages":[{"name":"Page 1","conditionEnabled1":false,"conditionEnabled2":false,"conditionEnabled3":false}],"note":"","resolution":{"width":320,"height":240},"test":true,"fontFamilies":["Minecraftia"],"booleanVariables":[{"name":"","index":0,"scope":0}]},"lastOpenedMapUid":"FFB52CAFI21AET4D6CA8A9EJF1DB90339635"},"summary":["name","type"]}