{"uid":"kasenoru","lastModificationTime":1429211561348,"items":{"name":"kasenoru User Settings","type":"user_settings","data":{"battleTest":{"members":[{"name":"1. Member","actor":0,"level":1,"weaponId":0,"headArmorId":0,"bodyArmorId":0,"shieldId":0,"accessoryId":0,"local.data.actor":0,"local.data.level":1,"local.data.weaponId":0,"local.data.headArmorId":0,"local.data.bodyArmorId":0,"local.data.shieldId":0,"local.data.accessoryId":0},{"name":"2. Member","actor":null,"level":1,"weaponId":0,"headArmorId":0,"bodyArmorId":0,"shieldId":0,"accessoryId":0,"local.data.actor":1,"local.data.level":1,"local.data.weaponId":0,"local.data.headArmorId":0,"local.data.bodyArmorId":0,"local.data.shieldId":0,"local.data.accessoryId":0},{"name":"3. Member","actor":null,"level":1,"weaponId":0,"headArmorId":0,"bodyArmorId":0,"shieldId":0,"accessoryId":0,"local.data.actor":null,"local.data.level":1,"local.data.weaponId":0,"local.data.headArmorId":0,"local.data.bodyArmorId":0,"local.data.shieldId":0,"local.data.accessoryId":0},{"name":"4. Member","actor":null,"level":1,"weaponId":0,"headArmorId":0,"bodyArmorId":0,"shieldId":0,"accessoryId":0,"local.data.actor":null,"local.data.level":1,"local.data.weaponId":0,"local.data.headArmorId":0,"local.data.bodyArmorId":0,"local.data.shieldId":0,"local.data.accessoryId":0}]},"name":{"lcId":"08CA27D2K5CB0A4799S9B3EE488A3E067996","defaultText":"2x Werewolf"},"backgroundGraphic":{"name":"battle_bottom","hue":0,"opacity":255,"blending":0,"tone":{"red":0,"green":0,"blue":0,"grey":0}},"members":[{"x":32,"y":43,"id":0,"hidden":false,"flip":false},{"x":-4,"y":90,"id":0,"hidden":false,"flip":false}],"pages":[{"name":"Page 1","conditionEnabled1":false,"conditionEnabled2":false,"conditionEnabled3":false,"commands":[{"id":"gs.EmptyCommand","text":"","indent":0}],"execution":1,"condition1":{"type":1,"fromTurn":1,"eachTurn":1,"lpEnemyId":2,"enemyLp":90,"mpEnemyId":0,"enemyMp":0,"switch":{"name":"My Switch","scope":1,"index":0},"switchState":0},"condition2":{"fromTurn":0,"eachTurn":0,"lpEnemyId":0,"enemyLp":0,"type":3,"mpEnemyId":4,"enemyMp":0,"switch":{"name":"My Switch","scope":1,"index":0},"switchState":0}}],"note":"","resolution":{"width":320,"height":240},"test":true,"fontFamilies":["Minecraftia"],"numberVariables":[{"name":"","index":0,"scope":0}],"stringVariables":[{"name":"","index":0,"scope":0}]},"lastOpenedMapUid":"0DE29E8DKAF63A479BS9897E4EEF885AC82C","sceneEditor":{"zoom":1.4}},"summary":["name","type"]}