{
    "uid": "RESOURCES",
    "items": {
        "type": "resource_table",
        "resources": {
            "Graphics/Characters/AceDate_Angry": ".png",
            "Graphics/Characters/AceDate_Embarassed": ".png",
            "Graphics/Characters/AceDate_Happy": ".png",
            "Graphics/Characters/AceDate_Normal": ".png",
            "Graphics/Characters/AceDate_Sad": ".png",
            "Graphics/Characters/AceDate_Scared": ".png",
            "Graphics/Characters/AceDate_Sick": ".png",
            "Graphics/Characters/AceUniform_Angry": ".png",
            "Graphics/Characters/AceUniform_Embarassed": ".png",
            "Graphics/Characters/AceUniform_Happy": ".png",
            "Graphics/Characters/AceUniform_Normal": ".png",
            "Graphics/Characters/AceUniform_Sad": ".png",
            "Graphics/Characters/AceUniform_Scared": ".png",
            "Graphics/Characters/AceUniform_Sick": ".png",
            "Graphics/Characters/AceYukata_Angry": ".png",
            "Graphics/Characters/AceYukata_Embarassed": ".png",
            "Graphics/Characters/AceYukata_Happy": ".png",
            "Graphics/Characters/AceYukata_Normal": ".png",
            "Graphics/Characters/AceYukata_Sad": ".png",
            "Graphics/Characters/AceYukata_Scared": ".png",
            "Graphics/Characters/AceYukata_Sick": ".png",
            "Graphics/Characters/AnnaGlasses_Angry": ".png",
            "Graphics/Characters/AnnaGlasses_Happy": ".png",
            "Graphics/Characters/AnnaGlasses_Normal": ".png",
            "Graphics/Characters/AnnaGlasses_Sad": ".png",
            "Graphics/Characters/AnnaGlasses_Worried": ".png",
            "Graphics/Characters/Anna_Angry": ".png",
            "Graphics/Characters/Anna_Happy": ".png",
            "Graphics/Characters/Anna_Normal": ".png",
            "Graphics/Characters/Anna_Sad": ".png",
            "Graphics/Characters/Anna_Worried": ".png",
            "Graphics/Characters/DanielDate_Angry": ".png",
            "Graphics/Characters/DanielDate_Embarassed": ".png",
            "Graphics/Characters/DanielDate_EmbarassedBlush": ".png",
            "Graphics/Characters/DanielDate_Happy": ".png",
            "Graphics/Characters/DanielDate_Normal": ".png",
            "Graphics/Characters/DanielDate_Sad": ".png",
            "Graphics/Characters/DanielDate_Scared": ".png",
            "Graphics/Characters/DanielDate_Sick": ".png",
            "Graphics/Characters/DanielUniform_Angry": ".png",
            "Graphics/Characters/DanielUniform_Embarassed": ".png",
            "Graphics/Characters/DanielUniform_EmbarassedBlush": ".png",
            "Graphics/Characters/DanielUniform_Happy": ".png",
            "Graphics/Characters/DanielUniform_Normal": ".png",
            "Graphics/Characters/DanielUniform_Sad": ".png",
            "Graphics/Characters/DanielUniform_Scared": ".png",
            "Graphics/Characters/DanielUniform_Sick": ".png",
            "Graphics/Characters/DanielYukata_Angry": ".png",
            "Graphics/Characters/DanielYukata_Embarassed": ".png",
            "Graphics/Characters/DanielYukata_EmbarassedBlush": ".png",
            "Graphics/Characters/DanielYukata_Happy": ".png",
            "Graphics/Characters/DanielYukata_Normal": ".png",
            "Graphics/Characters/DanielYukata_Sad": ".png",
            "Graphics/Characters/DanielYukata_Scared": ".png",
            "Graphics/Characters/DanielYukata_Sick": ".png",
            "Graphics/Characters/EmmaDate_Angry": ".png",
            "Graphics/Characters/EmmaDate_AngryBlush": ".png",
            "Graphics/Characters/EmmaDate_Embarassed": ".png",
            "Graphics/Characters/EmmaDate_EmbarassedBlush": ".png",
            "Graphics/Characters/EmmaDate_Happy": ".png",
            "Graphics/Characters/EmmaDate_HappyBlush": ".png",
            "Graphics/Characters/EmmaDate_Normal": ".png",
            "Graphics/Characters/EmmaDate_NormalBlush": ".png",
            "Graphics/Characters/EmmaDate_Sad": ".png",
            "Graphics/Characters/EmmaDate_SadBlush": ".png",
            "Graphics/Characters/EmmaDate_Scared": ".png",
            "Graphics/Characters/EmmaDate_ScaredBlush": ".png",
            "Graphics/Characters/EmmaDate_Sick": ".png",
            "Graphics/Characters/EmmaUniform_Angry": ".png",
            "Graphics/Characters/EmmaUniform_AngryBlush": ".png",
            "Graphics/Characters/EmmaUniform_Embarassed": ".png",
            "Graphics/Characters/EmmaUniform_EmbarassedBlush": ".png",
            "Graphics/Characters/EmmaUniform_Happy": ".png",
            "Graphics/Characters/EmmaUniform_HappyBlush": ".png",
            "Graphics/Characters/EmmaUniform_Normal": ".png",
            "Graphics/Characters/EmmaUniform_NormalBlush": ".png",
            "Graphics/Characters/EmmaUniform_Sad": ".png",
            "Graphics/Characters/EmmaUniform_SadBlush": ".png",
            "Graphics/Characters/EmmaUniform_Scared": ".png",
            "Graphics/Characters/EmmaUniform_ScaredBlush": ".png",
            "Graphics/Characters/EmmaUniform_Sick": ".png",
            "Graphics/Characters/EmmaYukata_Angry": ".png",
            "Graphics/Characters/EmmaYukata_AngryBlush": ".png",
            "Graphics/Characters/EmmaYukata_Embarassed": ".png",
            "Graphics/Characters/EmmaYukata_EmbarassedBlush": ".png",
            "Graphics/Characters/EmmaYukata_Happy": ".png",
            "Graphics/Characters/EmmaYukata_HappyBlush": ".png",
            "Graphics/Characters/EmmaYukata_Normal": ".png",
            "Graphics/Characters/EmmaYukata_NormalBlush": ".png",
            "Graphics/Characters/EmmaYukata_Sad": ".png",
            "Graphics/Characters/EmmaYukata_SadBlush": ".png",
            "Graphics/Characters/EmmaYukata_Scared": ".png",
            "Graphics/Characters/EmmaYukata_ScaredBlush": ".png",
            "Graphics/Characters/EmmaYukata_Sick": ".png",
            "Graphics/Characters/JaneDate_Angry": ".png",
            "Graphics/Characters/JaneDate_AngryBlush": ".png",
            "Graphics/Characters/JaneDate_Embarassed": ".png",
            "Graphics/Characters/JaneDate_EmbarassedBlush": ".png",
            "Graphics/Characters/JaneDate_Happy": ".png",
            "Graphics/Characters/JaneDate_HappyBlush": ".png",
            "Graphics/Characters/JaneDate_Normal": ".png",
            "Graphics/Characters/JaneDate_NormalBlush": ".png",
            "Graphics/Characters/JaneDate_Sad": ".png",
            "Graphics/Characters/JaneDate_SadBlush": ".png",
            "Graphics/Characters/JaneDate_Scared": ".png",
            "Graphics/Characters/JaneDate_ScaredBlush": ".png",
            "Graphics/Characters/JaneDate_Sick": ".png",
            "Graphics/Characters/JaneUniform_Angry": ".png",
            "Graphics/Characters/JaneUniform_AngryBlush": ".png",
            "Graphics/Characters/JaneUniform_Embarassed": ".png",
            "Graphics/Characters/JaneUniform_EmbarassedBlush": ".png",
            "Graphics/Characters/JaneUniform_Happy": ".png",
            "Graphics/Characters/JaneUniform_HappyBlush": ".png",
            "Graphics/Characters/JaneUniform_Normal": ".png",
            "Graphics/Characters/JaneUniform_NormalBlush": ".png",
            "Graphics/Characters/JaneUniform_Sad": ".png",
            "Graphics/Characters/JaneUniform_SadBlush": ".png",
            "Graphics/Characters/JaneUniform_Scared": ".png",
            "Graphics/Characters/JaneUniform_ScaredBlush": ".png",
            "Graphics/Characters/JaneUniform_Sick": ".png",
            "Graphics/Characters/JaneYukata_Angry": ".png",
            "Graphics/Characters/JaneYukata_AngryBlush": ".png",
            "Graphics/Characters/JaneYukata_Embarassed": ".png",
            "Graphics/Characters/JaneYukata_EmbarassedBlush": ".png",
            "Graphics/Characters/JaneYukata_Happy": ".png",
            "Graphics/Characters/JaneYukata_HappyBlush": ".png",
            "Graphics/Characters/JaneYukata_Normal": ".png",
            "Graphics/Characters/JaneYukata_NormalBlush": ".png",
            "Graphics/Characters/JaneYukata_Sad": ".png",
            "Graphics/Characters/JaneYukata_ScadBlush": ".png",
            "Graphics/Characters/JaneYukata_Scared": ".png",
            "Graphics/Characters/JaneYukata_ScaredBlush": ".png",
            "Graphics/Characters/JaneYukata_Sick": ".png",
            "Graphics/Characters/Jeremy_Angry": ".png",
            "Graphics/Characters/Jeremy_AngryBlush": ".png",
            "Graphics/Characters/Jeremy_Happy": ".png",
            "Graphics/Characters/Jeremy_HappyBlush": ".png",
            "Graphics/Characters/Jeremy_Normal": ".png",
            "Graphics/Characters/Jeremy_NormalBlush": ".png",
            "Graphics/Characters/Jeremy_Sad": ".png",
            "Graphics/Characters/Jeremy_SadBlush": ".png",
            "Graphics/Characters/Jeremy_Worried": ".png",
            "Graphics/Characters/Jeremy_WorriedBlush": ".png",
            "Graphics/Characters/John_Angry": ".png",
            "Graphics/Characters/John_Happy": ".png",
            "Graphics/Characters/John_Normal": ".png",
            "Graphics/Characters/John_Sad": ".png",
            "Graphics/Characters/John_Worried": ".png",
            "Graphics/Characters/Lila_Angry": ".png",
            "Graphics/Characters/Lila_AngryBlush": ".png",
            "Graphics/Characters/Lila_Happy": ".png",
            "Graphics/Characters/Lila_HappyBlush": ".png",
            "Graphics/Characters/Lila_Normal": ".png",
            "Graphics/Characters/Lila_NormalBlush": ".png",
            "Graphics/Characters/Lila_Sad": ".png",
            "Graphics/Characters/Lila_SadBlush": ".png",
            "Graphics/Characters/Lila_Worried": ".png",
            "Graphics/Characters/Lila_WorriedBlush": ".png",
            "Graphics/Characters/LucyDate_Angry": ".png",
            "Graphics/Characters/LucyDate_AngryBlush": ".png",
            "Graphics/Characters/LucyDate_Embarassed": ".png",
            "Graphics/Characters/LucyDate_EmbarassedBlush": ".png",
            "Graphics/Characters/LucyDate_Happy": ".png",
            "Graphics/Characters/LucyDate_HappyBlush": ".png",
            "Graphics/Characters/LucyDate_Normal": ".png",
            "Graphics/Characters/LucyDate_NormalBlush": ".png",
            "Graphics/Characters/LucyDate_Sad": ".png",
            "Graphics/Characters/LucyDate_SadBlush": ".png",
            "Graphics/Characters/LucyDate_Scared": ".png",
            "Graphics/Characters/LucyDate_ScaredBlush": ".png",
            "Graphics/Characters/LucyDate_Sick": ".png",
            "Graphics/Characters/LucyUniform_Angry": ".png",
            "Graphics/Characters/LucyUniform_AngryBlush": ".png",
            "Graphics/Characters/LucyUniform_Embarassed": ".png",
            "Graphics/Characters/LucyUniform_EmbarassedBlush": ".png",
            "Graphics/Characters/LucyUniform_Happy": ".png",
            "Graphics/Characters/LucyUniform_HappyBlush": ".png",
            "Graphics/Characters/LucyUniform_Normal": ".png",
            "Graphics/Characters/LucyUniform_NormalBlush": ".png",
            "Graphics/Characters/LucyUniform_Sad": ".png",
            "Graphics/Characters/LucyUniform_SadBlush": ".png",
            "Graphics/Characters/LucyUniform_Scared": ".png",
            "Graphics/Characters/LucyUniform_ScaredBlush": ".png",
            "Graphics/Characters/LucyUniform_Sick": ".png",
            "Graphics/Characters/LucyYukata_Angry": ".png",
            "Graphics/Characters/LucyYukata_AngryBlush": ".png",
            "Graphics/Characters/LucyYukata_Embarassed": ".png",
            "Graphics/Characters/LucyYukata_EmbarassedBlush": ".png",
            "Graphics/Characters/LucyYukata_Happy": ".png",
            "Graphics/Characters/LucyYukata_HappyBlush": ".png",
            "Graphics/Characters/LucyYukata_Normal": ".png",
            "Graphics/Characters/LucyYukata_NormalBlush": ".png",
            "Graphics/Characters/LucyYukata_Sad": ".png",
            "Graphics/Characters/LucyYukata_ScadBlush": ".png",
            "Graphics/Characters/LucyYukata_Scared": ".png",
            "Graphics/Characters/LucyYukata_ScaredBlush": ".png",
            "Graphics/Characters/LucyYukata_Sick": ".png",
            "Graphics/Characters/SamDate_Angry": ".png",
            "Graphics/Characters/SamDate_EmbarassedBlush": ".png",
            "Graphics/Characters/SamDate_Happy": ".png",
            "Graphics/Characters/SamDate_Normal": ".png",
            "Graphics/Characters/SamDate_Sad": ".png",
            "Graphics/Characters/SamDate_Scared": ".png",
            "Graphics/Characters/SamDate_Sick": ".png",
            "Graphics/Characters/SamGlassesDate_Angry": ".png",
            "Graphics/Characters/SamGlassesDate_Embarassed": ".png",
            "Graphics/Characters/SamGlassesDate_Happy": ".png",
            "Graphics/Characters/SamGlassesDate_Normal": ".png",
            "Graphics/Characters/SamGlassesDate_Sad": ".png",
            "Graphics/Characters/SamGlassesDate_Scared": ".png",
            "Graphics/Characters/SamGlassesDate_Sick": ".png",
            "Graphics/Characters/SamGlassesUniform_Angry": ".png",
            "Graphics/Characters/SamGlassesUniform_Embarassed": ".png",
            "Graphics/Characters/SamGlassesUniform_Happy": ".png",
            "Graphics/Characters/SamGlassesUniform_Normal": ".png",
            "Graphics/Characters/SamGlassesUniform_Sad": ".png",
            "Graphics/Characters/SamGlassesUniform_Scared": ".png",
            "Graphics/Characters/SamGlassesUniform_Sick": ".png",
            "Graphics/Characters/SamUniform_Angry": ".png",
            "Graphics/Characters/SamUniform_Embarassed": ".png",
            "Graphics/Characters/SamUniform_Happy": ".png",
            "Graphics/Characters/SamUniform_Normal": ".png",
            "Graphics/Characters/SamUniform_Sad": ".png",
            "Graphics/Characters/SamUniform_Scared": ".png",
            "Graphics/Characters/SamUniform_Sick": ".png",
            "Graphics/Characters/SamGlassesYukata_Angry": ".png",
            "Graphics/Characters/SamGlassesYukata_Embarassed": ".png",
            "Graphics/Characters/SamGlassesYukata_Happy": ".png",
            "Graphics/Characters/SamGlassesYukata_Normal": ".png",
            "Graphics/Characters/SamGlassesYukata_Sad": ".png",
            "Graphics/Characters/SamGlassesYukata_Scared": ".png",
            "Graphics/Characters/SamGlassesYukata_Sick": ".png",
            "Graphics/Characters/SamYukata_Angry": ".png",
            "Graphics/Characters/SamYukata_Embarassed": ".png",
            "Graphics/Characters/SamYukata_Happy": ".png",
            "Graphics/Characters/SamYukata_Normal": ".png",
            "Graphics/Characters/SamYukata_Sad": ".png",
            "Graphics/Characters/SamYukata_Scared": ".png",
            "Graphics/Characters/SamYukata_Sick": ".png",
            "Graphics/Characters/VictorDate_Angry": ".png",
            "Graphics/Characters/VictorDate_Embarassed": ".png",
            "Graphics/Characters/VictorDate_EmbarassedBlush": ".png",
            "Graphics/Characters/VictorDate_Happy": ".png",
            "Graphics/Characters/VictorDate_Normal": ".png",
            "Graphics/Characters/VictorDate_Sad": ".png",
            "Graphics/Characters/VictorDate_Scared": ".png",
            "Graphics/Characters/VictorDate_Sick": ".png",
            "Graphics/Characters/VictorUniform_Angry": ".png",
            "Graphics/Characters/VictorUniform_Embarassed": ".png",
            "Graphics/Characters/VictorUniform_EmbarassedBlush": ".png",
            "Graphics/Characters/VictorUniform_Happy": ".png",
            "Graphics/Characters/VictorUniform_Normal": ".png",
            "Graphics/Characters/VictorUniform_Sad": ".png",
            "Graphics/Characters/VictorUniform_Scared": ".png",
            "Graphics/Characters/VictorUniform_Sick": ".png",
            "Graphics/Characters/VictorYukata_Angry": ".png",
            "Graphics/Characters/VictorYukata_Embarassed": ".png",
            "Graphics/Characters/VictorYukata_EmbarassedBlush": ".png",
            "Graphics/Characters/VictorYukata_Happy": ".png",
            "Graphics/Characters/VictorYukata_Normal": ".png",
            "Graphics/Characters/VictorYukata_Sad": ".png",
            "Graphics/Characters/VictorYukata_Scared": ".png",
            "Graphics/Characters/VictorYukata_Sick": ".png",
            "Graphics/Characters/WillowDate_Angry": ".png",
            "Graphics/Characters/WillowDate_AngryBlush": ".png",
            "Graphics/Characters/WillowDate_Embarassed": ".png",
            "Graphics/Characters/WillowDate_EmbarassedBlush": ".png",
            "Graphics/Characters/WillowDate_Happy": ".png",
            "Graphics/Characters/WillowDate_HappyBlush": ".png",
            "Graphics/Characters/WillowDate_Normal": ".png",
            "Graphics/Characters/WillowDate_NormalBlush": ".png",
            "Graphics/Characters/WillowDate_Sad": ".png",
            "Graphics/Characters/WillowDate_SadBlush": ".png",
            "Graphics/Characters/WillowDate_Scared": ".png",
            "Graphics/Characters/WillowDate_ScaredBlush": ".png",
            "Graphics/Characters/WillowDate_Sick": ".png",
            "Graphics/Characters/WillowUniform_Angry": ".png",
            "Graphics/Characters/WillowUniform_AngryBlush": ".png",
            "Graphics/Characters/WillowUniform_Embarassed": ".png",
            "Graphics/Characters/WillowUniform_EmbarassedBlush": ".png",
            "Graphics/Characters/WillowUniform_Happy": ".png",
            "Graphics/Characters/WillowUniform_HappyBlush": ".png",
            "Graphics/Characters/WillowUniform_Normal": ".png",
            "Graphics/Characters/WillowUniform_NormalBlush": ".png",
            "Graphics/Characters/WillowUniform_Sad": ".png",
            "Graphics/Characters/WillowUniform_SadBlush": ".png",
            "Graphics/Characters/WillowUniform_Scared": ".png",
            "Graphics/Characters/WillowUniform_ScaredBlush": ".png",
            "Graphics/Characters/WillowUniform_Sick": ".png",
            "Graphics/Characters/WillowYukata_Angry": ".png",
            "Graphics/Characters/WillowYukata_AngryBlush": ".png",
            "Graphics/Characters/WillowYukata_Embarassed": ".png",
            "Graphics/Characters/WillowYukata_EmbarassedBlush": ".png",
            "Graphics/Characters/WillowYukata_Happy": ".png",
            "Graphics/Characters/WillowYukata_HappyBlush": ".png",
            "Graphics/Characters/WillowYukata_Normal": ".png",
            "Graphics/Characters/WillowYukata_NormalBlush": ".png",
            "Graphics/Characters/WillowYukata_Sad": ".png",
            "Graphics/Characters/WillowYukata_ScadBlush": ".png",
            "Graphics/Characters/WillowYukata_Scared": ".png",
            "Graphics/Characters/WillowYukata_ScaredBlush": ".png",
            "Graphics/Characters/WillowYukata_Sick": ".png",
            "Graphics/Backgrounds/Amusementpark_Morning": ".png",
            "Graphics/Backgrounds/Amusementpark_Night": ".png",
            "Graphics/Backgrounds/Amusementpark_Sunset": ".png",
            "Graphics/Backgrounds/Aquarium_Morning": ".png",
            "Graphics/Backgrounds/Beach_Morning": ".png",
            "Graphics/Backgrounds/Beach_Night": ".png",
            "Graphics/Backgrounds/Beach_Sunset": ".png",
            "Graphics/Backgrounds/Bench_Morning": ".png",
            "Graphics/Backgrounds/Bench_Night": ".png",
            "Graphics/Backgrounds/Bench_Sunset": ".png",
            "Graphics/Backgrounds/Bookstore_Morning1": ".png",
            "Graphics/Backgrounds/Bookstore_Morning2": ".png",
            "Graphics/Backgrounds/Bookstore_Night1": ".png",
            "Graphics/Backgrounds/Bookstore_Night2": ".png",
            "Graphics/Backgrounds/CafeNoFood_Morning": ".png",
            "Graphics/Backgrounds/CafeNoFood_Night1": ".png",
            "Graphics/Backgrounds/CafeNoFood_Night2": ".png",
            "Graphics/Backgrounds/CafeWithCake_Morning": ".png",
            "Graphics/Backgrounds/CafeWithCake_Night": ".png",
            "Graphics/Backgrounds/City2_Morning": ".png",
            "Graphics/Backgrounds/City2_Night": ".png",
            "Graphics/Backgrounds/City2_Sunset": ".png",
            "Graphics/Backgrounds/City3_Morning": ".png",
            "Graphics/Backgrounds/City3_Night": ".png",
            "Graphics/Backgrounds/City3_Sunset": ".png",
            "Graphics/Backgrounds/City_Morning": ".png",
            "Graphics/Backgrounds/City_Night": ".png",
            "Graphics/Backgrounds/ConcertStage1": ".png",
            "Graphics/Backgrounds/ConcertStage2": ".png",
            "Graphics/Backgrounds/Hotspring_Morning": ".png",
            "Graphics/Backgrounds/Hotspring_Night": ".png",
            "Graphics/Backgrounds/Hotspring_Sunset": ".png",
            "Graphics/Backgrounds/Restaurant_Morning1": ".png",
            "Graphics/Backgrounds/Restaurant_Morning2": ".png",
            "Graphics/Backgrounds/Restaurant_Morning3": ".png",
            "Graphics/Backgrounds/Restaurant_Night1": ".png",
            "Graphics/Backgrounds/Restaurant_Night2": ".png",
            "Graphics/Backgrounds/Restaurant_Night3": ".png",
            "Graphics/Backgrounds/Shoppingmall_Morning": ".png",
            "Graphics/Backgrounds/Shoppingmall_Night": ".png",
            "Graphics/Backgrounds/SpaResort_Morning": ".png",
            "Graphics/Backgrounds/SpaResort_Night": ".png",
            "Graphics/Backgrounds/SummerFestivalEempty": ".png",
            "Graphics/Backgrounds/SummerFestivalFoodStall": ".png",
            "Graphics/Backgrounds/SummerFestivalPacked": ".png",
            "Graphics/Backgrounds/TheaterEmpty": ".png",
            "Graphics/Backgrounds/TheaterFew1": ".png",
            "Graphics/Backgrounds/TheaterFew2": ".png",
            "Graphics/Backgrounds/TheaterFull1": ".png",
            "Graphics/Backgrounds/TheaterFull2": ".png",
            "Graphics/Backgrounds/Apartment2Inside_Morning": ".png",
            "Graphics/Backgrounds/Apartment2Inside_Night": ".png",
            "Graphics/Backgrounds/Apartment2Inside_Sunset": ".png",
            "Graphics/Backgrounds/Apartment2Outside_Morning": ".png",
            "Graphics/Backgrounds/Apartment2Outside_Night": ".png",
            "Graphics/Backgrounds/Apartment2Outside_Sunset": ".png",
            "Graphics/Backgrounds/ApartmentInside_Morning": ".png",
            "Graphics/Backgrounds/ApartmentInside_Night": ".png",
            "Graphics/Backgrounds/ApartmentInside_Sunset": ".png",
            "Graphics/Backgrounds/ApartmentOutside_Morning": ".png",
            "Graphics/Backgrounds/ApartmentOutside_Night": ".png",
            "Graphics/Backgrounds/ApartmentOutside_Sunset": ".png",
            "Graphics/Backgrounds/HomeOutside_Morning1": ".png",
            "Graphics/Backgrounds/HomeOutside_Morning2": ".png",
            "Graphics/Backgrounds/HomeOutside_Morning3": ".png",
            "Graphics/Backgrounds/HomeOutside_Night1": ".png",
            "Graphics/Backgrounds/HomeOutside_Night2": ".png",
            "Graphics/Backgrounds/HomeOutside_Night3": ".png",
            "Graphics/Backgrounds/Japanese-styleMansionInside_Morning": ".png",
            "Graphics/Backgrounds/Japanese-styleMansionInside_Night": ".png",
            "Graphics/Backgrounds/Japanese-styleMansionInside_Sunset": ".png",
            "Graphics/Backgrounds/Japanese-styleMansionOutside_Morning": ".png",
            "Graphics/Backgrounds/Japanese-styleMansionOutside_Night": ".png",
            "Graphics/Backgrounds/Japanese-styleMansionOutside_Sunset": ".png",
            "Graphics/Backgrounds/Kitchen_Morning1": ".png",
            "Graphics/Backgrounds/Kitchen_Morning2": ".png",
            "Graphics/Backgrounds/Kitchen_Night1": ".png",
            "Graphics/Backgrounds/Kitchen_Night2": ".png",
            "Graphics/Backgrounds/KitchenMessy_Morning1": ".png",
            "Graphics/Backgrounds/KitchenMessy_Morning2": ".png",
            "Graphics/Backgrounds/KitchenMessy_Night1": ".png",
            "Graphics/Backgrounds/KitchenMessy_Night2": ".png",
            "Graphics/Backgrounds/MansionInside_Morning": ".png",
            "Graphics/Backgrounds/MansionInside_Night": ".png",
            "Graphics/Backgrounds/MansionInside_Sunset": ".png",
            "Graphics/Backgrounds/MansionOutside_Morning": ".png",
            "Graphics/Backgrounds/MansionOutside_Night": ".png",
            "Graphics/Backgrounds/MansionOutside_Sunset": ".png",
            "Graphics/Backgrounds/PlayerHomeF_Morning1": ".png",
            "Graphics/Backgrounds/PlayerHomeF_Morning2": ".png",
            "Graphics/Backgrounds/PlayerHomeF_Morning3": ".png",
            "Graphics/Backgrounds/PlayerHomeF_Morning4": ".png",
            "Graphics/Backgrounds/PlayerHomeF_Morning5": ".png",
            "Graphics/Backgrounds/PlayerHomeF_Morning6": ".png",
            "Graphics/Backgrounds/PlayerHomeF_Night1": ".png",
            "Graphics/Backgrounds/PlayerHomeF_Night2": ".png",
            "Graphics/Backgrounds/PlayerHomeF_Night3": ".png",
            "Graphics/Backgrounds/PlayerHomeF_Night4": ".png",
            "Graphics/Backgrounds/PlayerHomeF_Night5": ".png",
            "Graphics/Backgrounds/PlayerHomeF_Night6": ".png",
            "Graphics/Backgrounds/PlayerHomeM_Morning1": ".png",
            "Graphics/Backgrounds/PlayerHomeM_Morning2": ".png",
            "Graphics/Backgrounds/PlayerHomeM_Morning3": ".png",
            "Graphics/Backgrounds/PlayerHomeM_Night1": ".png",
            "Graphics/Backgrounds/PlayerHomeM_Night2": ".png",
            "Graphics/Backgrounds/PlayerHomeM_Night3": ".png",
            "Graphics/Backgrounds/PlayerHomeM_Night4": ".png",
            "Graphics/Backgrounds/PlayerHomeM_Night5": ".png",
            "Graphics/Backgrounds/Residentialarea_Morning": ".png",
            "Graphics/Backgrounds/Residentialarea_Night": ".png",
            "Graphics/Backgrounds/Residentialarea_Sunset": ".png",
            "Graphics/Backgrounds/Classroom1_Morning1": ".png",
            "Graphics/Backgrounds/Classroom1_Morning2": ".png",
            "Graphics/Backgrounds/Classroom1_Morning3": ".png",
            "Graphics/Backgrounds/Classroom1_Morning4": ".png",
            "Graphics/Backgrounds/Classroom1_Morning5": ".png",
            "Graphics/Backgrounds/Classroom1_Night1": ".png",
            "Graphics/Backgrounds/Classroom1_Night2": ".png",
            "Graphics/Backgrounds/Classroom1_Night3": ".png",
            "Graphics/Backgrounds/Classroom1_Sunset1": ".png",
            "Graphics/Backgrounds/Classroom1_Sunset2": ".png",
            "Graphics/Backgrounds/Classroom1_Sunset3": ".png",
            "Graphics/Backgrounds/Classroom1_Sunset4": ".png",
            "Graphics/Backgrounds/Classroom1_Sunset5": ".png",
            "Graphics/Backgrounds/Classroom2_Festival1": ".png",
            "Graphics/Backgrounds/Classroom2_Festival2": ".png",
            "Graphics/Backgrounds/Classroom2_Festival3": ".png",
            "Graphics/Backgrounds/Classroom2_Morning1": ".png",
            "Graphics/Backgrounds/Classroom2_Morning2": ".png",
            "Graphics/Backgrounds/Classroom2_Morning3": ".png",
            "Graphics/Backgrounds/Classroom2_Night1": ".png",
            "Graphics/Backgrounds/Classroom2_Night2": ".png",
            "Graphics/Backgrounds/Classroom2_Night3": ".png",
            "Graphics/Backgrounds/Classroom2_Sunset1": ".png",
            "Graphics/Backgrounds/Classroom2_Sunset2": ".png",
            "Graphics/Backgrounds/Classroom2_Sunset3": ".png",
            "Graphics/Backgrounds/Gym_Morning": ".png",
            "Graphics/Backgrounds/Gym_Morning1": ".png",
            "Graphics/Backgrounds/Gym_Morning2": ".png",
            "Graphics/Backgrounds/Gym_Night": ".png",
            "Graphics/Backgrounds/Gym_Night1": ".png",
            "Graphics/Backgrounds/Gym_Night2": ".png",
            "Graphics/Backgrounds/GymAssembly_Morning": ".png",
            "Graphics/Backgrounds/GymAssembly_Night": ".png",
            "Graphics/Backgrounds/InfirmaryEmptyBed_Morning1": ".png",
            "Graphics/Backgrounds/InfirmaryEmptyBed_Morning2": ".png",
            "Graphics/Backgrounds/InfirmaryEmptyBed_Night1": ".png",
            "Graphics/Backgrounds/InfirmaryEmptyBed_Night2": ".png",
            "Graphics/Backgrounds/InfirmaryWithStudent_Morning1": ".png",
            "Graphics/Backgrounds/InfirmaryWithStudent_Morning2": ".png",
            "Graphics/Backgrounds/LibraryBookshelves_Morning1": ".png",
            "Graphics/Backgrounds/LibraryBookshelves_Morning2": ".png",
            "Graphics/Backgrounds/LibraryBookshelves_Morning3": ".png",
            "Graphics/Backgrounds/LibraryBookshelves_Night1": ".png",
            "Graphics/Backgrounds/LibraryBookshelves_Night2": ".png",
            "Graphics/Backgrounds/LibraryBookshelves_Night3": ".png",
            "Graphics/Backgrounds/LibraryStudyArea_Morning1": ".png",
            "Graphics/Backgrounds/LibraryStudyArea_Morning2": ".png",
            "Graphics/Backgrounds/LibraryStudyArea_Morning3": ".png",
            "Graphics/Backgrounds/LibraryStudyArea_Night1": ".png",
            "Graphics/Backgrounds/LibraryStudyArea_Night2": ".png",
            "Graphics/Backgrounds/LibraryStudyArea_Night3": ".png",
            "Graphics/Backgrounds/School_Hallway1_1": ".png",
            "Graphics/Backgrounds/School_Hallway1_2": ".png",
            "Graphics/Backgrounds/School_Hallway1_rain": ".png",
            "Graphics/Backgrounds/School_Hallway1_snow": ".png",
            "Graphics/Backgrounds/School_Hallway1_spring": ".png",
            "Graphics/Backgrounds/School_Hallway1_sunset": ".png",
            "Graphics/Backgrounds/SchoolOutside2_Morning": ".png",
            "Graphics/Backgrounds/SchoolOutside2_Night": ".png",
            "Graphics/Backgrounds/SchoolOutside2_Sunset": ".png",
            "Graphics/Backgrounds/SchoolOutside_Cloudy1": ".png",
            "Graphics/Backgrounds/SchoolOutside_Morning1": ".png",
            "Graphics/Backgrounds/SchoolOutside_Morning2": ".png",
            "Graphics/Backgrounds/SchoolOutside_Morning3": ".png",
            "Graphics/Backgrounds/SchoolOutside_night": ".png",
            "Graphics/Backgrounds/SchoolOutside_Night1": ".png",
            "Graphics/Backgrounds/SchoolOutside_Night2": ".png",
            "Graphics/Backgrounds/SchoolOutside_Night3": ".png",
            "Graphics/Backgrounds/SchoolOutside_rain": ".png",
            "Graphics/Backgrounds/SchoolOutside_Rain1": ".png",
            "Graphics/Backgrounds/SchoolOutside_Rain2": ".png",
            "Graphics/Backgrounds/SchoolOutside_Rain3": ".png",
            "Graphics/Backgrounds/SchoolOutside_sunset": ".png",
            "Graphics/Backgrounds/SchoolOutside_Sunset1": ".png",
            "Graphics/Backgrounds/SchoolOutside_Sunset2": ".png",
            "Graphics/Backgrounds/SchoolOutside_Sunset3": ".png",
            "Graphics/Backgrounds/StudentdormitoryInside_Morning": ".png",
            "Graphics/Backgrounds/StudentdormitoryInside_Night": ".png",
            "Graphics/Backgrounds/StudentdormitoryInside_Sunset": ".png",
            "Graphics/Backgrounds/StudentdormitoryOutside_Morning": ".png",
            "Graphics/Backgrounds/StudentdormitoryOutside_Night": ".png",
            "Graphics/Backgrounds/StudentdormitoryOutside_Sunset": ".png",
            "Graphics/Backgrounds/Background_picture2": ".png",
            "Graphics/Backgrounds/Background_picture3": ".png",
            "Graphics/Backgrounds/Background_picture4": ".png",
            "Graphics/Backgrounds/Background_picture5": ".png",
            "Graphics/Backgrounds/Background_picture6": ".png",
            "Graphics/Backgrounds/Concentration _line1": ".png",
            "Graphics/Backgrounds/Concentration _line2": ".png",
            "Graphics/Backgrounds/Concentration _line3": ".png",
            "Graphics/Backgrounds/Concentration _line4": ".png",
            "Graphics/Backgrounds/Concentration _line5": ".png",
            "Graphics/Backgrounds/Moonlight1": ".png",
            "Graphics/Backgrounds/Moonlight2": ".png",
            "Graphics/Backgrounds/Moonlight3": ".png",
            "Graphics/Backgrounds/Moonlight4": ".png",
            "Graphics/Backgrounds/NightSky1": ".png",
            "Graphics/Backgrounds/NightSky2": ".png",
            "Graphics/Backgrounds/Sky_Cloudy": ".png",
            "Graphics/Backgrounds/Sky_Morning": ".png",
            "Graphics/Backgrounds/Sky_Summer": ".png",
            "Graphics/Backgrounds/Stars1": ".png",
            "Graphics/Backgrounds/Stars2": ".png",
            "Graphics/Backgrounds/Stars3": ".png",
            "Graphics/Backgrounds/Sunset1": ".png",
            "Graphics/Backgrounds/Sunset2": ".png",
            "Graphics/Backgrounds/Sunset3": ".png",
            "Graphics/Backgrounds/Sunset4": ".png",
            "Graphics/Backgrounds/Background_picture1": ".png",
            "Graphics/Pictures/Metis_CG": ".png",
            "Graphics/Pictures/Home": ".png",
            "Graphics/Pictures/HomeThumb": ".png",
            "Graphics/Pictures/Metis_CG_Thumb": ".png",
            "Graphics/Pictures/CGGallery_Hover": ".png",
            "Graphics/Pictures/CGGallery_Idle": ".png",
            "Graphics/Pictures/CGGallery_Selected": ".png",
            "Graphics/Pictures/Choice_Active": ".png",
            "Graphics/Pictures/Choice_Idle": ".png",
            "Graphics/Pictures/Choice_Locked": ".png",
            "Graphics/Pictures/languagescreen_hover": ".png",
            "Graphics/Pictures/languagescreen_idle": ".png",
            "Graphics/Pictures/LoadGame_Hover": ".png",
            "Graphics/Pictures/LoadGame_Idle": ".png",
            "Graphics/Pictures/LoadGame_Selected": ".png",
            "Graphics/Pictures/msgbox_ground": ".png",
            "Graphics/Pictures/msgbox_hover": ".png",
            "Graphics/Pictures/msgbox_selected": ".png",
            "Graphics/Pictures/nameentry_abc_ground": ".png",
            "Graphics/Pictures/nameentry_abc_selected": ".png",
            "Graphics/Pictures/nameentry_sym_ground": ".png",
            "Graphics/Pictures/nameentry_sym_selected": ".png",
            "Graphics/Pictures/NE-ACTIVE-STF": ".png",
            "Graphics/Pictures/NE-IDLE-STF": ".png",
            "Graphics/Pictures/Prompt_Confirm_SaveLoad": ".png",
            "Graphics/Pictures/Prompt_No_Hover": ".png",
            "Graphics/Pictures/Prompt_No_Idle": ".png",
            "Graphics/Pictures/Prompt_Quit": ".png",
            "Graphics/Pictures/Prompt_Yes_Hover": ".png",
            "Graphics/Pictures/Prompt_Yes_Idle": ".png",
            "Graphics/Pictures/SaveGame_Hover": ".png",
            "Graphics/Pictures/SaveGame_Idle": ".png",
            "Graphics/Pictures/SaveGame_Selected": ".png",
            "Graphics/Pictures/Settings_Hover": ".png",
            "Graphics/Pictures/Settings_Idle": ".png",
            "Graphics/Pictures/slider_hover": ".png",
            "Graphics/Pictures/titlescreen_hover": ".png",
            "Graphics/Pictures/titlescreen_idle": ".png",
            "Graphics/Pictures/01_phone": ".png",
            "Graphics/Pictures/00_key": ".png",
            "Graphics/Pictures/cursor1": ".png",
            "Graphics/Pictures/cursor2": ".png",
            "Graphics/Pictures/cursor3": ".png",
            "Graphics/Pictures/cursor4": ".png",
            "Graphics/Pictures/m-arrow": ".png",
            "Graphics/Pictures/m-arrow-disabled": ".png",
            "Graphics/Pictures/m-diamond-large-off": ".png",
            "Graphics/Pictures/m-diamond-large-on": ".png",
            "Graphics/Pictures/m-diamond-small-off": ".png",
            "Graphics/Pictures/m-diamond-small-on": ".png",
            "Graphics/Pictures/msg-diamond-small-off": ".png",
            "Graphics/Pictures/msg-diamond-small-on": ".png",
            "Graphics/Pictures/bg-generic": ".png",
            "Graphics/Pictures/diamond-large-off": ".png",
            "Graphics/Pictures/diamond-large-on": ".png",
            "Graphics/Pictures/diamond-small-off": ".png",
            "Graphics/Pictures/diamond-small-on": ".png",
            "Graphics/Pictures/dropshadow": ".png",
            "Graphics/Pictures/entrybox": ".png",
            "Graphics/Pictures/locked": ".png",
            "Graphics/Pictures/message_caret": ".png",
            "Graphics/Pictures/scrollbar": ".png",
            "Graphics/Pictures/selection": ".png",
            "Graphics/Pictures/selection-inactive": ".png",
            "Graphics/Pictures/skin-frame": ".png",
            "Graphics/Pictures/skin-stretch": ".png",
            "Graphics/Pictures/skin-tile": ".png",
            "Graphics/Pictures/thumbnailshadow": ".png",
            "Graphics/Pictures/web-start-screen": ".png",
            "Graphics/Icons/Germany": ".png",
            "Graphics/Icons/Japan": ".png",
            "Graphics/Icons/United-Kingdom": ".png",
            "Graphics/Masks/Blinds_Hor": ".png",
            "Graphics/Masks/Blinds_V": ".png",
            "Graphics/Masks/Circle": ".png",
            "Graphics/Masks/Circle_Square": ".png",
            "Graphics/Masks/Circle_Square_Ver2": ".png",
            "Graphics/Masks/Circle_Ver2": ".png",
            "Graphics/Masks/Dissolve": ".png",
            "Graphics/Masks/Dissolve_Ver2": ".png",
            "Graphics/Masks/Heart": ".png",
            "Graphics/Masks/Heart_Square": ".png",
            "Graphics/Masks/Heart_Ver2": ".png",
            "Graphics/Masks/HeartB": ".png",
            "Graphics/Masks/HeartB_Ver2": ".png",
            "Graphics/Masks/Rect": ".png",
            "Graphics/Masks/Rect_Ver2": ".png",
            "Graphics/Masks/Splotches": ".png",
            "Graphics/Masks/Splotches_Ver2": ".png",
            "Graphics/Masks/Star": ".png",
            "Graphics/Masks/Star_Square": ".png",
            "Graphics/Masks/Star_Square_Ver2": ".png",
            "Graphics/Masks/Star_Ver2": ".png",
            "Graphics/Fonts/Rubik-Regular": ".woff",
            "Graphics/Fonts/Tallys": ".woff",
            "Audio/Music/Competitive_-_Fired_Up": [
                ".ogg"
            ],
            "Audio/Music/Festival_-_Celebrating_Tradition": [
                ".ogg"
            ],
            "Audio/Music/Nostalgia_-_Fond_Memories": [
                ".ogg"
            ],
            "Audio/Music/Playful_-_Kidding_Around": [
                ".ogg"
            ],
            "Audio/Music/Romance_-_Dreaming_Of_You": [
                ".ogg"
            ],
            "Audio/Music/Romance_-_Love_Never_Ends": [
                ".ogg"
            ],
            "Audio/Music/Sad_-_Wistful_Longing": [
                ".ogg"
            ],
            "Audio/Music/School_-_First_Day": [
                ".ogg"
            ],
            "Audio/Music/School_-_Lunch_Break": [
                ".ogg"
            ],
            "Audio/Music/Theme_-_Forever_Together": [
                ".ogg"
            ],
            "Audio/Music/Tutorial_-_Good_Mood": [
                ".ogg"
            ],
            "Audio/Music/Wedding_-_Wedding_March": [
                ".ogg"
            ],
            "Audio/Sounds/ME_-_school_chimes_01": [
                ".ogg"
            ],
            "Audio/Sounds/ME_-_school_chimes_02": [
                ".ogg"
            ],
            "Audio/Sounds/ME_Game_Over": [
                ".ogg"
            ],
            "Audio/Sounds/ME_Level_Up_Fail": [
                ".ogg"
            ],
            "Audio/Sounds/ME_Level_Up_Success": [
                ".ogg"
            ],
            "Audio/Sounds/ME_Sleep_01": [
                ".ogg"
            ],
            "Audio/Sounds/ME_Sleep_02": [
                ".ogg"
            ],
            "Audio/Sounds/ambulance_siren": [
                ".ogg"
            ],
            "Audio/Sounds/basketball_bounce_single": [
                ".ogg"
            ],
            "Audio/Sounds/basketball_dribble": [
                ".ogg"
            ],
            "Audio/Sounds/book_close": [
                ".ogg"
            ],
            "Audio/Sounds/book_page_turn": [
                ".ogg"
            ],
            "Audio/Sounds/cellphone_ring": [
                ".ogg"
            ],
            "Audio/Sounds/cellphone_text_message_received": [
                ".ogg"
            ],
            "Audio/Sounds/chair_squeaky": [
                ".ogg"
            ],
            "Audio/Sounds/cicadas": [
                ".ogg"
            ],
            "Audio/Sounds/clock_chime": [
                ".ogg"
            ],
            "Audio/Sounds/clock_tick_tock_01": [
                ".ogg"
            ],
            "Audio/Sounds/clock_tick_tock_02": [
                ".ogg"
            ],
            "Audio/Sounds/cooking_boiling_water": [
                ".ogg"
            ],
            "Audio/Sounds/cooking_frying_sizzle": [
                ".ogg"
            ],
            "Audio/Sounds/cooking_oven_burner": [
                ".ogg"
            ],
            "Audio/Sounds/door_close": [
                ".ogg"
            ],
            "Audio/Sounds/door_open": [
                ".ogg"
            ],
            "Audio/Sounds/door_open_creaky": [
                ".ogg"
            ],
            "Audio/Sounds/door_sliding": [
                ".ogg"
            ],
            "Audio/Sounds/fire_alarm_01": [
                ".ogg"
            ],
            "Audio/Sounds/fire_alarm_02": [
                ".ogg"
            ],
            "Audio/Sounds/footsteps_creaky_stairs": [
                ".ogg"
            ],
            "Audio/Sounds/footsteps_fast": [
                ".ogg"
            ],
            "Audio/Sounds/footsteps_normal": [
                ".ogg"
            ],
            "Audio/Sounds/footsteps_slow": [
                ".ogg"
            ],
            "Audio/Sounds/glass_break_01": [
                ".ogg"
            ],
            "Audio/Sounds/glass_break_02": [
                ".ogg"
            ],
            "Audio/Sounds/school_bell": [
                ".ogg"
            ],
            "Audio/Sounds/school_chalk_on_chalkboard": [
                ".ogg"
            ],
            "Audio/Sounds/thud_01": [
                ".ogg"
            ],
            "Audio/Sounds/thud_02": [
                ".ogg"
            ],
            "Audio/Sounds/thud_03": [
                ".ogg"
            ],
            "Audio/Sounds/writing_inkpen": [
                ".ogg"
            ],
            "Audio/Sounds/writing_pencil_01": [
                ".ogg"
            ],
            "Audio/Sounds/writing_pencil_02": [
                ".ogg"
            ],
            "Audio/Sounds/writing_pencil_eraser": [
                ".ogg"
            ],
            "Audio/Sounds/choice_cancel_02": [
                ".ogg"
            ],
            "Audio/Sounds/choice_confirm_01": [
                ".ogg"
            ],
            "Audio/Sounds/choice_confirm_02": [
                ".ogg"
            ],
            "Audio/Sounds/choice_confirm_03": [
                ".ogg"
            ],
            "Audio/Sounds/cursor": [
                ".ogg"
            ],
            "Audio/Sounds/exit_01": [
                ".ogg"
            ],
            "Audio/Sounds/exit_02": [
                ".ogg"
            ],
            "Audio/Sounds/invalid_buzz_01": [
                ".ogg"
            ],
            "Audio/Sounds/invalid_buzz_02": [
                ".ogg"
            ],
            "Audio/Sounds/invalid_buzz_03": [
                ".ogg"
            ],
            "Audio/Sounds/load_01": [
                ".ogg"
            ],
            "Audio/Sounds/load_02": [
                ".ogg"
            ],
            "Audio/Sounds/save_01": [
                ".ogg"
            ],
            "Audio/Sounds/save_02": [
                ".ogg"
            ],
            "Audio/Sounds/choice_cancel_01": [
                ".ogg"
            ],
            "Movies/lrain.webmhd": [
                ".webm"
            ],
            "Movies/fog.webmhd": [
                ".webm"
            ],
            "Movies/rays.webmhd": [
                ".webm"
            ],
            "Movies/rain2.webmhd": [
                ".webm"
            ],
            "Movies/snow.webmhd": [
                ".webm"
            ],
            "Movies/rain1-white.webmhd": [
                ".webm"
            ],
            "Movies/rain1.webmhd": [
                ".webm"
            ],
            "Movies/blizzard.webmhd": [
                ".webm"
            ]
        }
    }
}